"customer_id","name","phone","username","password"
50001,孔涣榱,"15368736285","15368736285","123456"
50002,尤揶,"13047205131","13047205131","123456"
50003,孙铐,"15956209662","15956209662","123456"
50004,秦銎钆,"13469003553","13469003553","123456"
50005,杨砦,"13474621709","13474621709","123456"
50006,姜药,"13661149202","13661149202","123456"
50007,赵玉玲,"13289366987","13289366987","123456"
50008,陶迦响,"18877933774","18877933774","123456"
50009,魏衍囚,"15534529803","15534529803","123456"
50010,沈袁,"15880409500","15880409500","123456"
50011,褚落,"13157874914","13157874914","123456"
50012,赵瘩,"13212137303","13212137303","123456"
50013,孔窘拼,"13921065710","13921065710","123456"
50014,李娶,"13927960524","13927960524","123456"
50015,孙驷懦,"13754772124","13754772124","123456"
50016,李酱,"15771793220","15771793220","123456"
50017,沈裱肭,"13416995097","13416995097","123456"
50018,钱唷,"15715563152","15715563152","123456"
50019,陈圣啥,"13066787742","13066787742","123456"
50020,尤筋硐,"15891924423","15891924423","123456"
50021,杨猢萦,"13332207449","13332207449","123456"
50022,姜寨,"15940441199","15940441199","123456"
50023,金献瑗,"15063710843","15063710843","123456"
50024,韩警,"15827696381","15827696381","123456"
50025,曹角,"15652793481","15652793481","123456"
50026,周稆,"15517544467","15517544467","123456"
50027,严浯,"13653985591","13653985591","123456"
50028,魏庳,"15380071669","15380071669","123456"
50029,张俎程,"15990699442","15990699442","123456"
50030,韩锲眉,"15946329578","15946329578","123456"
50031,严聍靼,"15172267888","15172267888","123456"
50032,魏禅,"13329195293","13329195293","123456"
50033,李艚闸,"18841612798","18841612798","123456"
50034,魏赵诫,"13680303171","13680303171","123456"
50035,蒋虢,"15521200534","15521200534","123456"
50036,朱第,"13760923416","13760923416","123456"
50037,吕榜,"15595499977","15595499977","123456"
50038,郑秣,"13245020550","13245020550","123456"
50039,孙凄斋,"15397146463","15397146463","123456"
50040,沈嗦,"18785998578","18785998578","123456"
50041,沈褛,"15566991184","15566991184","123456"
50042,王錾,"15560340838","15560340838","123456"
50043,褚误铭,"13458557384","13458557384","123456"
50044,曹丈殆,"15713471586","15713471586","123456"
50045,孙鬈稠,"13417416418","13417416418","123456"
50046,钱漾,"18847796788","18847796788","123456"
50047,郑睥剐,"13042566507","13042566507","123456"
50048,王瀛甘,"13353313023","13353313023","123456"
50049,朱仕活,"13086052246","13086052246","123456"
50050,郑钴,"13930508175","13930508175","123456"
50051,朱欢矧,"18868020919","18868020919","123456"
50052,陈印,"15629724699","15629724699","123456"
50053,孔眭恹,"15277513090","15277513090","123456"
50054,张抻,"15695231789","15695231789","123456"
50055,冯逸,"13419492535","13419492535","123456"
50056,朱蔌郫,"13070893440","13070893440","123456"
50057,孙擞阕,"13298373642","13298373642","123456"
50058,冯长闼,"15952411386","15952411386","123456"
50059,张醋,"13150475679","13150475679","123456"
50060,金缅,"15261872697","15261872697","123456"
50061,何插裤,"13311459795","13311459795","123456"
50062,赵菜噙,"13620746626","13620746626","123456"
50063,姜庾君,"13141819941","13141819941","123456"
50064,华肚纂,"15543882710","15543882710","123456"
50065,严鳝鲷,"18881422231","18881422231","123456"
50066,曹瘐,"13343727800","13343727800","123456"
50067,秦农,"13698871710","13698871710","123456"
50068,朱骝舟,"13461205097","13461205097","123456"
50069,金扃焉,"15029674881","15029674881","123456"
50070,姜蚬悚,"18879160602","18879160602","123456"
50071,魏聃,"15632471204","15632471204","123456"
50072,钱苓编,"15637984333","15637984333","123456"
50073,王呱,"13914534042","13914534042","123456"
50074,张宓抱,"13869736512","13869736512","123456"
50075,韩葙,"13188257476","13188257476","123456"
50076,褚鳟釜,"15953504896","15953504896","123456"
50077,王蹬巅,"13790962441","13790962441","123456"
50078,孔箍,"15119741405","15119741405","123456"
50079,杨辋,"15729107220","15729107220","123456"
50080,魏镢艮,"18828498158","18828498158","123456"
50081,周束,"15554967921","15554967921","123456"
50082,郑咛忤,"15357353661","15357353661","123456"
50083,华响兄,"13856352237","13856352237","123456"
50084,华萄,"13824443623","13824443623","123456"
50085,沈谰,"15361876408","15361876408","123456"
50086,郑朝擗,"15595617862","15595617862","123456"
50087,陶分少,"15894578545","15894578545","123456"
50088,尤虼,"15079387015","15079387015","123456"
50089,孙氆愦,"13159630390","13159630390","123456"
50090,秦孝载,"13745421622","13745421622","123456"
50091,严堂,"13150862647","13150862647","123456"
50092,孔仪,"13262443770","13262443770","123456"
50093,金围琳,"15689700132","15689700132","123456"
50094,金粹,"15649915280","15649915280","123456"
50095,李觉配,"13339692237","13339692237","123456"
50096,尤铘,"13435569810","13435569810","123456"
50097,魏幢,"15894581621","15894581621","123456"
50098,韩邕,"13777108991","13777108991","123456"
50099,蒋颗垌,"15752485690","15752485690","123456"
50100,孔踉睫,"15626696654","15626696654","123456"
