"supplier_drug_id","supplier_id","drug_id","sale_price"
40001,20011,1013174,95
40002,20006,1013174,95
40003,20010,1013182,57
40004,20007,1013182,51
40005,20004,1013674,87
40006,20019,1013674,86
40007,20006,1013674,81
40008,20001,1013677,58
40009,20018,1013677,58
40010,20008,1015460,104
40011,20013,1015460,104
40012,20016,1015460,105
40013,20016,1015486,8
40014,20006,1015492,65
40015,20019,1015508,80
40016,20006,1015533,21
40017,20005,1015581,94
40018,20016,1015581,96
40019,20012,1015612,20
40020,20015,1015616,34
40021,20019,1015616,26
40022,20009,1015616,34
40023,20010,1015629,102
40024,20014,1015629,100
40025,20018,1015629,101
40026,20008,1015632,88
40027,20011,1015632,85
40028,20016,1015632,90
40029,20005,1015633,71
40030,20004,1015645,70
40031,20012,1015658,63
40032,20002,1015658,59
40033,20018,1015658,63
40034,20011,1015660,102
40035,20018,1015660,97
40036,20012,1015660,98
40037,20007,1015663,58
40038,20015,1015665,19
40039,20006,1015667,97
40040,20003,1015667,103
40041,20016,1015669,28
40042,20005,1015669,32
40043,20008,1015669,36
40044,20020,1015671,9
40045,20019,1015671,11
40046,20001,1015673,75
40047,20006,1015673,77
40048,20003,1015673,76
40049,20004,1015674,27
40050,20017,1015674,29
40051,20001,1015676,3
40052,20010,1015676,10
40053,20008,1015679,36
40054,20002,1015679,32
40055,20004,1015728,47
40056,20002,1015728,39
40057,20020,1015759,84
40058,20001,1015759,76
40059,20010,1015759,78
40060,20009,1015760,22
40061,20019,1015764,34
40062,20017,1015777,55
40063,20015,1015777,56
40064,20009,1015777,61
40065,20014,1015784,26
40066,20003,1015784,34
40067,20015,1015784,34
40068,20001,1015790,25
40069,20005,1015790,23
40070,20012,1015800,34
40071,20010,1015825,62
40072,20006,1015825,60
40073,20020,1015826,72
40074,20014,1015826,69
40075,20020,1015834,56
40076,20013,1015834,53
40077,20001,1015834,47
40078,20004,1015855,51
40079,20019,1015855,52
40080,20017,1015869,75
40081,20002,1015869,78
40082,20013,1015869,73
40083,20018,1015880,9
40084,20014,1015880,14
40085,20008,1015880,15
40086,20011,1015898,18
40087,20008,1015898,12
40088,20017,1015903,31
40089,20007,1015903,33
40090,20005,1015915,30
40091,20011,1015915,29
40092,20006,1015937,10
40093,20008,1015937,18
40094,20008,1015945,25
40095,20012,1015945,24
40096,20017,1015948,22
40097,20007,1015948,21
40098,20018,1015948,22
40099,20017,1016003,96
40100,20002,1016003,89
40101,20007,1016003,95
40102,20010,1016015,105
40103,20016,1016021,81
40104,20013,1016021,76
40105,20016,1016049,80
40106,20004,1016049,82
40107,20010,1016058,20
40108,20008,1016084,89
40109,20004,1016094,19
40110,20009,1016095,52
40111,20017,1016095,52
40112,20005,1016095,45
40113,20018,1016101,22
40114,20005,1016101,25
40115,20019,1016101,23
40116,20004,1016109,2
40117,20012,1016109,8
40118,20018,1016109,7
40119,20001,1016116,42
40120,20017,1016120,49
40121,20006,1016120,58
40122,20005,1016121,106
40123,20001,1016128,7
40124,20020,1016128,9
40125,20019,1016128,14
40126,20001,1016133,67
40127,20004,1016154,40
40128,20003,1016154,42
40129,20001,1016154,48
40130,20012,1016162,46
40131,20013,1016181,42
40132,20006,1016181,41
40133,20016,1016181,45
40134,20007,1016184,15
40135,20013,1016184,14
40136,20014,1016184,11
40137,20001,1016186,44
40138,20009,1016215,45
40139,20020,1016215,42
40140,20011,1016220,64
40141,20019,1016220,58
40142,20012,1016220,65
40143,20016,1016221,28
40144,20020,1016238,92
40145,20015,1016238,86
40146,20007,1016238,87
40147,20009,1016247,102
40148,20018,1016255,47
40149,20015,1016279,87
40150,20014,1016279,95
40151,20017,1016306,13
40152,20006,1016306,16
40153,20007,1016306,18
40154,20009,1016309,72
40155,20007,1016309,76
40156,20013,1016309,72
40157,20001,1016328,20
40158,20017,1016328,22
40159,20010,1016328,25
40160,20018,1016337,29
40161,20010,1016337,31
40162,20008,1016402,100
40163,20007,1016402,102
40164,20006,1016406,80
40165,20013,1016406,82
40166,20002,1016406,86
40167,20014,1016459,39
40168,20008,1016459,36
40169,20001,1016693,93
40170,20009,1016720,98
40171,20003,1016720,96
40172,20009,1016749,55
40173,20004,1016749,55
40174,20018,1016749,48
40175,20001,1016779,63
40176,20002,1016779,69
40177,20004,1016781,57
40178,20001,1016781,57
40179,20002,1016781,50
40180,20017,1016795,14
40181,20002,1016795,15
40182,20002,1016816,21
40183,20013,1016836,74
40184,20015,1016839,83
40185,20012,1016839,86
40186,20003,1016877,56
40187,20009,1016932,100
40188,20008,1016933,12
40189,20006,1016981,65
40190,20007,1016986,89
40191,20016,1016986,93
40192,20014,1016986,93
40193,20012,1017026,72
40194,20003,1017026,69
40195,20007,1017027,13
40196,20016,1017061,64
40197,20017,1017084,104
40198,20007,1017084,100
40199,20009,1017129,60
40200,20011,1017141,26
40201,20007,1017141,28
40202,20012,1017157,89
40203,20010,1017161,42
40204,20012,1017161,49
40205,20017,1017182,48
40206,20013,1017182,49
40207,20018,1017190,53
40208,20015,1017190,49
40209,20017,1017209,103
40210,20018,1017209,103
40211,20008,1017209,105
40212,20015,1017213,19
40213,20020,1017214,17
40214,20018,1017217,59
40215,20010,1017217,55
40216,20012,1017267,73
40217,20018,1017273,105
40218,20011,1017307,71
40219,20014,1017307,75
40220,20010,1017364,20
40221,20012,1017410,19
40222,20011,1017416,90
40223,20020,1017416,88
40224,20005,1017442,7
40225,20012,1017442,5
40226,20009,1017442,11
40227,20009,1017451,105
40228,20001,1017451,102
40229,20018,1017504,56
40230,20007,1017536,98
40231,20002,1017536,94
40232,20004,1017542,93
40233,20016,1017542,91
40234,20012,1017554,74
40235,20006,1017555,52
40236,20012,1017555,52
40237,20009,1017569,74
40238,20011,1017569,68
40239,20003,1017569,68
40240,20017,1017581,34
40241,20004,1017581,29
40242,20003,1017581,38
40243,20004,1017645,33
40244,20006,1017645,29
40245,20004,1017648,71
40246,20001,1017648,76
40247,20014,1017653,13
40248,20003,1017653,20
40249,20009,1017659,61
40250,20001,1017663,63
40251,20015,1017663,60
40252,20006,1017664,12
40253,20005,1017665,20
40254,20001,1017665,22
40255,20018,1017665,23
40256,20020,1017668,43
40257,20012,1017668,51
40258,20013,1017668,52
40259,20013,1017669,84
40260,20012,1017669,83
40261,20020,1017670,85
40262,20018,1017673,96
40263,20004,1017673,98
40264,20010,1017673,92
40265,20001,1017677,99
40266,20016,1017677,106
40267,20016,1017678,77
40268,20008,1017678,80
40269,20001,1017678,84
40270,20014,1017682,30
40271,20013,1017682,38
40272,20002,1017684,7
40273,20015,1017687,44
40274,20010,1017687,45
40275,20001,1017688,56
40276,20006,1017688,59
40277,20009,1017688,60
40278,20008,1017689,40
40279,20019,1017689,38
40280,20010,1017689,41
40281,20002,1017691,18
40282,20011,1017691,24
40283,20004,1017693,8
40284,20008,1017693,9
40285,20019,1017693,13
40286,20007,1017697,9
40287,20005,1017698,33
40288,20017,1017698,33
40289,20016,1017699,47
40290,20007,1017703,37
40291,20008,1017703,41
40292,20020,1017706,11
40293,20003,1017706,11
40294,20016,1017706,4
40295,20015,1017709,59
40296,20015,1017715,45
40297,20016,1017715,42
40298,20006,1017722,66
40299,20011,1017722,68
40300,20010,1017722,69
40301,20015,1017724,17
40302,20013,1017738,100
40303,20001,1017740,88
40304,20009,1017740,90
40305,20011,1017743,88
40306,20017,1017743,91
40307,20001,1017743,82
40308,20016,1017745,39
40309,20010,1017746,48
40310,20005,1017746,53
40311,20009,1017750,83
40312,20001,1017754,56
40313,20010,1017754,57
40314,20015,1017754,51
40315,20019,1017755,20
40316,20015,1017755,19
40317,20002,1017756,87
40318,20002,1017757,81
40319,20010,1017757,79
40320,20003,1017758,3
40321,20012,1017764,88
40322,20009,1017764,90
40323,20012,1017767,73
40324,20010,1017769,60
40325,20002,1017780,23
40326,20013,1017780,22
40327,20003,1017780,16
40328,20004,1017781,99
40329,20015,1017785,81
40330,20014,1017785,82
40331,20004,1017786,81
40332,20017,1017786,88
40333,20007,1017786,80
40334,20013,1017790,96
40335,20018,1017790,97
40336,20005,1017791,99
40337,20007,1017792,98
40338,20001,1017797,12
40339,20011,1017797,10
40340,20020,1017798,100
40341,20010,1017798,104
40342,20012,1017803,12
40343,20013,1017803,12
40344,20004,1017804,88
40345,20014,1017804,88
40346,20006,1017807,75
40347,20013,1017812,52
40348,20014,1017812,52
40349,20001,1017812,55
40350,20012,1017816,84
40351,20002,1017817,103
40352,20013,1017819,80
40353,20020,1017819,76
40354,20012,1017819,73
40355,20007,1017823,47
40356,20006,1017823,50
40357,20005,1017823,45
40358,20005,1017843,7
40359,20019,1017843,8
40360,20007,1017848,19
40361,20018,1017848,18
40362,20012,1017871,24
40363,20010,1017871,24
40364,20007,1017871,28
40365,20016,1017873,105
40366,20004,1017873,101
40367,20015,1017873,100
40368,20006,1017875,86
40369,20003,1017875,84
40370,20015,1017876,100
40371,20017,1017879,11
40372,20012,1017879,10
40373,20009,1017883,7
40374,20008,1017883,8
40375,20009,1017885,45
40376,20016,1017885,50
40377,20007,1017885,52
40378,20015,1017889,36
40379,20008,1017889,39
40380,20003,1017891,96
40381,20015,1017894,31
40382,20003,1017894,28
40383,20017,1017904,92
40384,20003,1017904,88
40385,20003,1017908,9
40386,20017,1017908,12
40387,20004,1017908,12
40388,20011,1017913,66
40389,20015,1017920,95
40390,20008,1017930,40
40391,20004,1017930,41
40392,20002,1017930,35
40393,20014,1017940,34
40394,20011,1017952,20
40395,20015,1017952,15
40396,20012,1017953,89
40397,20004,1017953,88
40398,20015,1017953,91
40399,20019,1017956,43
40400,20001,1017964,79
40401,20010,1017964,72
40402,20018,1017979,52
40403,20012,1017979,49
40404,20017,1017981,89
40405,20013,1017983,24
40406,20009,1017983,25
40407,20013,1017986,16
40408,20007,1017986,18
40409,20019,1017986,15
40410,20007,1017987,107
40411,20004,1017987,100
40412,20012,1017987,101
40413,20018,1017997,11
40414,20002,1017997,12
40415,20014,1017997,10
40416,20020,1017998,52
40417,20005,1017998,46
40418,20007,1018000,67
40419,20006,1018001,51
40420,20008,1018001,56
40421,20010,1018005,82
40422,20001,1018005,79
40423,20007,1018015,70
40424,20014,1018016,61
40425,20019,1018020,95
40426,20015,1018020,90
40427,20004,1018023,50
40428,20003,1018026,27
40429,20010,1018026,25
40430,20011,1018026,20
40431,20013,1018028,6
40432,20014,1018028,14
40433,20016,1018028,10
40434,20006,1018030,90
40435,20004,1018030,84
40436,20007,1018035,54
40437,20018,1018035,53
40438,20001,1018035,58
40439,20010,1018042,104
40440,20004,1018042,108
40441,20004,1018043,17
40442,20006,1018055,71
40443,20019,1018059,31
40444,20014,1018059,27
40445,20019,1018060,97
40446,20015,1018060,91
40447,20007,1018067,52
40448,20019,1018067,49
40449,20009,1018067,49
40450,20013,1018068,83
40451,20016,1018070,85
40452,20009,1018070,78
40453,20011,1018070,82
40454,20001,1018075,70
40455,20005,1018075,65
40456,20013,1018075,70
40457,20005,1018085,87
40458,20016,1018087,33
40459,20017,1018087,40
40460,20004,1018099,23
40461,20017,1018099,16
40462,20011,1018101,101
40463,20015,1018101,104
40464,20013,1018101,108
40465,20016,1018108,42
40466,20006,1018110,20
40467,20011,1018110,18
40468,20010,1018116,40
40469,20020,1018120,91
40470,20010,1018120,94
40471,20001,1018120,100
40472,20012,1018131,70
40473,20009,1018131,68
40474,20011,1018131,61
40475,20004,1018139,69
40476,20017,1018139,67
40477,20008,1018139,73
40478,20016,1018140,54
40479,20004,1018140,61
40480,20018,1018141,49
40481,20011,1018141,51
40482,20010,1018148,60
40483,20001,1018148,63
40484,20013,1018148,57
40485,20008,1018154,94
40486,20002,1018161,77
40487,20001,1018166,79
40488,20007,1018166,80
40489,20001,1018192,31
40490,20009,1018192,26
40491,20013,1018195,60
40492,20008,1018195,63
40493,20003,1018197,99
40494,20017,1018197,100
40495,20019,1018197,103
40496,20012,1018199,86
40497,20004,1018208,80
40498,20006,1018208,80
40499,20015,1018208,78
40500,20011,1018218,92
40501,20015,1018218,87
40502,20004,1018218,90
40503,20020,1018219,71
40504,20001,1018219,75
40505,20017,1018219,76
40506,20006,1018255,79
40507,20005,1018255,73
40508,20004,1018255,77
40509,20020,1018257,7
40510,20007,1018257,3
40511,20011,1018257,6
40512,20015,1018258,18
40513,20009,1018258,26
40514,20016,1018269,12
40515,20019,1018273,100
40516,20014,1018273,101
40517,20003,1018273,96
40518,20001,1018275,28
40519,20020,1018277,35
40520,20004,1018277,30
40521,20008,1018278,30
40522,20005,1018278,28
40523,20007,1018281,60
40524,20017,1018285,57
40525,20001,1018285,62
40526,20018,1018285,62
40527,20013,1018295,63
40528,20007,1018298,81
40529,20019,1018298,89
40530,20018,1018298,89
40531,20020,1018305,15
40532,20009,1018310,15
40533,20019,1018310,12
40534,20006,1018310,8
40535,20012,1018311,62
40536,20016,1018311,61
40537,20005,1018315,74
40538,20017,1018315,67
40539,20017,1018378,84
40540,20013,1018378,84
40541,20011,1018378,83
40542,20007,1018384,14
40543,20013,1018384,16
40544,20008,1018422,10
40545,20011,1018422,12
40546,20017,1018422,15
40547,20002,1018428,93
40548,20020,1018454,50
40549,20017,1018454,48
40550,20008,1018487,47
40551,20011,1018487,43
40552,20018,1018528,90
40553,20009,1018559,60
40554,20003,1018559,61
40555,20012,1018559,53
40556,20013,1018598,38
40557,20005,1018598,36
40558,20010,1018598,33
40559,20012,1018606,91
40560,20015,1018648,14
40561,20007,1018648,14
40562,20010,1018648,12
40563,20014,1018699,59
40564,20009,1018699,64
40565,20004,1018699,63
40566,20004,1018735,19
40567,20011,1018812,101
40568,20018,1018812,101
40569,20014,1018904,8
40570,20008,1018916,30
40571,20017,1018916,32
40572,20016,1018916,34
40573,20002,1018984,96
40574,20010,1018984,96
40575,20009,1018998,18
40576,20020,1018998,15
40577,20015,1018998,16
40578,20018,1019038,23
40579,20003,1019038,19
40580,20001,1019039,101
40581,20015,1019062,44
40582,20019,1019063,35
40583,20016,1019108,94
40584,20002,1019112,76
40585,20005,1019112,77
40586,20003,1019119,35
40587,20002,1019119,32
40588,20013,1019172,24
40589,20001,1019172,24
40590,20002,1019173,72
40591,20001,1019173,63
40592,20020,1019173,67
40593,20011,1019177,76
40594,20007,1019177,77
40595,20011,1019178,64
40596,20008,1019178,63
40597,20001,1019178,64
40598,20018,1019201,45
40599,20001,1019243,32
40600,20016,1019243,34
40601,20006,1019271,85
40602,20005,1019271,86
40603,20008,1019271,80
40604,20001,1019273,78
40605,20019,1019273,82
40606,20005,1019282,23
40607,20020,1019282,20
40608,20014,1019282,23
40609,20005,1019323,12
40610,20011,1019368,61
40611,20012,1020462,11
40612,20008,1020462,11
40613,20011,1020464,19
40614,20019,1020464,17
40615,20013,1020464,16
40616,20020,1020465,19
40617,20016,1020465,24
40618,20014,1020465,20
40619,20011,1020475,23
40620,20012,1020479,36
40621,20007,1020479,35
40622,20019,1020479,39
40623,20015,1020480,36
40624,20007,1020480,35
40625,20005,1020480,32
40626,20013,1020485,15
40627,20012,1020485,20
40628,20011,1020485,12
40629,20019,1020486,30
40630,20002,1020486,27
40631,20017,1020486,31
40632,20001,1020488,25
40633,20014,1020488,18
40634,20001,1020498,37
40635,20010,1020498,42
40636,20001,1020499,18
40637,20018,1020499,21
40638,20015,1020499,20
40639,20004,1020503,105
40640,20018,1020503,99
40641,20007,1020507,83
40642,20005,1020507,88
40643,20015,1020512,74
40644,20004,1020512,70
40645,20001,1020513,98
40646,20008,1020513,102
40647,20011,1020513,106
40648,20015,1020519,33
40649,20012,1020519,39
40650,20001,1020521,104
40651,20016,1020521,101
40652,20006,1020521,95
40653,20016,1020528,10
40654,20006,1020528,14
40655,20012,1020528,12
40656,20020,1020546,70
40657,20007,1020546,74
40658,20002,1020548,67
40659,20012,1020548,66
40660,20010,1020549,16
40661,20006,1020549,13
40662,20020,1020551,48
40663,20006,1020557,52
40664,20002,1020559,78
40665,20020,1020559,75
40666,20005,1020559,73
40667,20004,1020562,15
40668,20015,1020562,11
40669,20017,1020568,60
40670,20012,1020572,78
40671,20016,1020572,75
40672,20013,1020575,55
40673,20011,1020580,9
40674,20014,1020580,12
40675,20017,1020585,107
40676,20007,1020585,101
40677,20007,1020590,88
40678,20006,1020590,84
40679,20012,1020590,84
40680,20006,1020596,70
40681,20019,1020596,77
40682,20012,1020602,37
40683,20001,1020612,33
40684,20019,1020614,50
40685,20006,1020614,45
40686,20014,1020627,76
40687,20005,1020627,70
40688,20010,1020628,57
40689,20019,1020628,56
40690,20018,1020630,101
40691,20006,1020630,104
40692,20006,1020637,17
40693,20003,1020637,16
40694,20005,1020637,14
40695,20003,1020639,31
40696,20016,1020642,41
40697,20003,1020651,78
40698,20010,1020674,63
40699,20007,1020674,67
40700,20010,1020677,43
40701,20017,1020682,83
40702,20006,1020685,46
40703,20014,1020685,48
40704,20001,1020685,43
40705,20017,1020695,74
40706,20018,1020695,73
40707,20015,1020700,30
40708,20010,1020700,34
40709,20014,1020700,30
40710,20004,1020702,22
40711,20007,1020702,23
40712,20018,1020704,67
40713,20010,1020708,49
40714,20013,1020708,56
40715,20017,1020710,89
40716,20006,1020710,89
40717,20009,1020731,63
40718,20010,1020731,62
40719,20002,1020731,58
40720,20004,1020742,96
40721,20010,1020742,94
40722,20020,1020742,94
40723,20003,1020743,85
40724,20019,1020743,83
40725,20018,1020743,89
40726,20010,1020832,79
40727,20015,1020857,69
40728,20012,1020891,43
40729,20017,1020993,96
40730,20019,1020993,104
40731,20015,1020993,97
40732,20010,1021068,97
40733,20014,1021068,98
40734,20003,1021068,96
40735,20012,1021084,75
40736,20016,1021084,78
40737,20001,1021084,76
40738,20012,1021145,21
40739,20010,1021145,22
40740,20020,1021146,60
40741,20013,1021172,78
40742,20002,1021213,40
40743,20017,1021213,42
40744,20009,1021213,42
40745,20002,1021300,78
40746,20014,1021300,77
40747,20006,1021381,63
40748,20014,1021620,87
40749,20004,1021627,99
40750,20015,1021627,100
40751,20012,1021647,46
40752,20011,1021647,50
40753,20016,1021647,45
40754,20010,1021658,37
40755,20008,1021658,36
40756,20013,1021658,37
40757,20003,1021706,101
40758,20002,1021706,98
40759,20008,1021711,34
40760,20018,1021711,33
40761,20006,1021711,36
40762,20010,1021728,58
40763,20009,1021728,55
40764,20017,1021728,59
40765,20009,1021732,63
40766,20013,1021732,56
40767,20009,1021734,50
40768,20011,1021734,57
40769,20014,1021734,54
40770,20017,1021741,83
40771,20020,1021743,95
40772,20012,1021743,97
40773,20009,1021743,93
40774,20001,1021756,41
40775,20019,1021756,44
40776,20007,1021756,44
40777,20008,1021766,70
40778,20018,1021766,74
40779,20011,1021766,73
40780,20010,1021780,103
40781,20001,1021780,96
40782,20001,1021783,17
40783,20004,1021783,24
40784,20001,1021793,83
40785,20016,1021801,68
40786,20015,1021801,73
40787,20004,1021803,45
40788,20007,1021812,66
40789,20020,1021812,62
40790,20009,1021824,66
40791,20019,1021824,66
40792,20015,1021824,72
40793,20001,1021837,14
40794,20015,1021837,14
40795,20001,1021841,38
40796,20016,1021841,39
40797,20008,1021877,80
40798,20005,1021880,79
40799,20006,1021880,76
40800,20002,1021881,5
40801,20004,1021881,9
40802,20019,1021881,4
40803,20018,1021891,71
40804,20003,1021912,73
40805,20007,1021912,73
40806,20019,1021912,66
40807,20020,1021971,55
40808,20001,1021973,79
40809,20015,1021977,85
40810,20007,1021987,79
40811,20017,1022023,26
40812,20011,1022023,20
40813,20004,1022023,23
40814,20014,1022058,31
40815,20017,1022058,29
40816,20006,1022058,23
40817,20007,1022061,5
40818,20020,1022061,9
40819,20001,1022081,44
40820,20012,1022116,66
40821,20009,1022127,5
40822,20019,1022127,7
40823,20003,1022143,15
40824,20013,1022144,16
40825,20003,1022144,12
40826,20011,1022144,9
40827,20011,1022185,19
40828,20009,1022185,15
40829,20006,1022185,18
40830,20004,1022186,64
40831,20017,1022186,59
40832,20008,1022193,82
40833,20019,1022193,87
40834,20018,1022195,6
40835,20016,1022199,61
40836,20012,1022200,92
40837,20016,1022200,86
40838,20015,1022201,63
40839,20004,1022201,62
40840,20007,1022201,56
40841,20017,1022202,59
40842,20004,1022219,62
40843,20016,1022219,66
40844,20018,1022219,65
40845,20006,1022221,68
40846,20014,1022221,64
40847,20020,1022221,64
40848,20018,1022224,71
40849,20004,1022236,50
40850,20015,1022241,94
40851,20012,1022241,98
40852,20019,1022246,38
40853,20012,1022246,30
40854,20006,1022264,58
40855,20014,1022264,61
40856,20012,1022277,101
40857,20002,1022277,92
40858,20017,1022280,51
40859,20004,1022280,45
40860,20015,1022280,53
40861,20001,1022281,89
40862,20015,1022283,19
40863,20008,1022283,22
40864,20012,1022283,16
40865,20005,1022284,65
40866,20018,1022284,63
40867,20020,1022284,65
40868,20010,1022286,75
40869,20017,1022292,63
40870,20012,1022292,62
40871,20016,1022293,30
40872,20002,1022293,34
40873,20010,1022293,39
40874,20018,1022299,66
40875,20017,1022299,69
40876,20001,1022308,86
40877,20009,1022308,88
40878,20008,1022325,69
40879,20012,1022325,69
40880,20014,1022325,66
40881,20019,1022337,62
40882,20013,1022341,69
40883,20005,1022341,67
40884,20017,1022350,97
40885,20008,1022350,96
40886,20012,1022350,97
40887,20014,1022359,75
40888,20014,1022372,40
40889,20013,1022372,34
40890,20004,1022372,37
40891,20011,1022373,46
40892,20017,1022374,39
40893,20005,1022374,40
40894,20009,1022374,37
40895,20015,1022379,32
40896,20011,1022380,87
40897,20004,1022380,88
40898,20008,1022381,38
40899,20013,1022381,44
40900,20002,1022382,72
40901,20016,1022382,72
40902,20008,1022384,43
40903,20014,1022384,42
40904,20007,1022384,42
40905,20003,1022385,47
40906,20011,1022388,77
40907,20010,1022398,30
40908,20018,1022399,79
40909,20006,1022399,81
40910,20001,1022405,67
40911,20014,1022405,76
40912,20014,1022406,51
40913,20018,1022406,50
40914,20014,1022412,88
40915,20001,1022412,88
40916,20005,1022414,73
40917,20011,1022414,72
40918,20004,1022414,74
40919,20012,1022415,60
40920,20018,1022415,57
40921,20001,1022437,58
40922,20020,1022437,55
40923,20009,1022438,9
40924,20005,1022452,34
40925,20006,1022459,48
40926,20019,1022459,50
40927,20016,1022470,100
40928,20002,1022470,106
40929,20008,1022474,71
40930,20013,1022474,76
40931,20006,1022474,72
40932,20011,1022476,98
40933,20019,1022476,91
40934,20009,1022476,98
40935,20017,1022477,33
40936,20014,1022477,35
40937,20020,1022477,30
40938,20020,1022479,84
40939,20016,1022479,86
40940,20010,1022481,60
40941,20020,1022493,11
40942,20010,1022493,14
40943,20001,1022493,6
40944,20003,1022497,48
40945,20012,1022497,48
40946,20017,1022497,51
40947,20011,1022500,3
40948,20014,1022500,7
40949,20002,1022507,71
40950,20004,1022507,76
40951,20010,1022507,68
40952,20011,1022512,36
40953,20002,1022512,39
40954,20003,1022512,32
40955,20005,1022513,42
40956,20003,1022513,48
40957,20012,1022519,11
40958,20018,1022525,101
40959,20009,1022525,100
40960,20003,1022528,31
40961,20019,1022528,28
40962,20011,1022532,84
40963,20004,1022532,88
40964,20019,1022532,82
40965,20008,1022535,38
40966,20012,1022544,51
40967,20010,1022550,88
40968,20011,1022550,85
40969,20018,1022551,23
40970,20004,1022551,29
40971,20002,1022551,27
40972,20010,1022556,25
40973,20003,1022561,41
40974,20002,1022561,41
40975,20013,1022561,42
40976,20014,1022588,45
40977,20018,1022607,58
40978,20013,1022745,55
40979,20009,1022745,58
40980,20010,1022745,54
40981,20002,1022782,103
40982,20019,1023031,13
40983,20002,1023047,13
40984,20012,1023072,54
40985,20011,1023072,54
40986,20017,1023072,56
40987,20001,1023169,100
40988,20015,1023169,97
40989,20003,1023169,96
40990,20001,1023273,97
40991,20018,1023300,26
40992,20004,1023300,28
40993,20010,1023328,84
40994,20013,1023328,83
40995,20002,1023328,89
40996,20008,1023403,91
40997,20006,1023403,83
40998,20008,1023480,22
40999,20012,1023480,26
41000,20005,1023726,58
41001,20012,1023726,52
41002,20013,1023726,54
41003,20013,1023735,62
41004,20020,1023735,65
41005,20019,1023741,24
41006,20009,1023861,12
41007,20004,1023864,15
41008,20009,1023864,12
41009,20004,1023953,32
41010,20015,1023953,36
41011,20017,1023953,27
41012,20009,1024007,95
41013,20003,1024007,103
41014,20010,1024007,100
41015,20007,1024026,28
41016,20011,1024026,26
41017,20018,1024026,25
41018,20014,1024143,49
41019,20012,1024143,48
41020,20005,1024143,51
41021,20005,1024312,69
41022,20008,1024380,11
41023,20013,1024460,37
41024,20004,1024460,44
41025,20006,1024460,46
41026,20001,1024527,15
41027,20018,1024576,96
41028,20014,1024576,101
41029,20020,1024576,101
41030,20004,1024701,34
41031,20005,1024703,35
41032,20001,1024703,39
41033,20009,1024703,39
41034,20012,1024716,10
41035,20020,1024718,38
41036,20005,1024718,36
41037,20013,1024719,52
41038,20005,1024720,49
41039,20002,1024720,49
41040,20010,1024720,51
41041,20012,1024722,14
41042,20008,1024724,45
41043,20011,1024724,47
41044,20012,1024724,47
41045,20006,1024730,100
41046,20009,1024730,94
41047,20005,1024734,55
41048,20019,1024737,80
41049,20012,1024737,84
41050,20011,1024739,59
41051,20006,1024739,60
41052,20012,1024739,67
41053,20001,1024766,13
41054,20001,1024769,97
41055,20007,1024769,98
41056,20014,1024769,95
41057,20001,1024778,56
41058,20011,1024788,19
41059,20003,1024791,43
41060,20007,1024791,37
41061,20007,1024795,80
41062,20005,1024795,83
41063,20008,1024795,80
41064,20010,1024800,47
41065,20014,1024800,50
41066,20006,1024800,48
41067,20018,1024806,13
41068,20001,1024806,15
41069,20009,1024806,15
41070,20020,1024808,77
41071,20007,1024808,74
41072,20018,1024811,78
41073,20006,1024811,81
41074,20002,1024822,8
41075,20009,1024823,88
41076,20020,1024823,87
41077,20002,1024826,56
41078,20006,1024826,50
41079,20020,1024831,51
41080,20007,1024831,52
41081,20015,1024831,50
41082,20012,1024835,52
41083,20007,1024851,76
41084,20015,1024851,74
41085,20019,1024851,79
41086,20001,1024856,58
41087,20007,1024856,59
41088,20018,1024858,16
41089,20006,1024858,9
41090,20006,1024859,12
41091,20001,1024859,16
41092,20016,1024859,12
41093,20010,1024865,60
41094,20003,1024866,91
41095,20016,1024869,105
41096,20001,1024869,105
41097,20019,1024872,90
41098,20001,1024873,83
41099,20007,1024875,74
41100,20019,1024875,69
41101,20014,1024875,67
41102,20004,1024877,67
41103,20012,1024877,63
41104,20011,1024878,49
41105,20015,1024880,97
41106,20014,1024880,96
41107,20005,1024882,9
41108,20001,1024882,9
41109,20006,1024886,57
41110,20010,1024886,51
41111,20015,1024886,55
41112,20009,1024887,8
41113,20005,1024890,22
41114,20014,1024892,53
41115,20008,1024902,8
41116,20018,1024902,13
41117,20005,1024902,12
41118,20015,1024903,13
41119,20012,1024903,12
41120,20002,1024903,15
41121,20005,1024908,39
41122,20011,1024908,41
41123,20003,1024908,37
41124,20016,1024911,47
41125,20005,1024919,36
41126,20020,1024919,35
41127,20015,1024923,62
41128,20011,1024923,62
41129,20018,1024923,61
41130,20017,1024924,11
41131,20003,1024924,7
41132,20020,1024928,13
41133,20008,1024933,69
41134,20012,1024933,65
41135,20006,1024940,66
41136,20020,1024940,67
41137,20010,1024940,61
41138,20017,1024948,24
41139,20009,1024955,44
41140,20007,1024956,13
41141,20007,1024961,92
41142,20013,1024961,87
41143,20020,1024962,64
41144,20016,1024962,57
41145,20019,1024962,65
41146,20008,1024965,58
41147,20019,1024965,53
41148,20003,1024975,94
41149,20001,1024975,93
41150,20006,1024975,89
41151,20007,1024980,88
41152,20008,1024980,87
41153,20006,1024980,89
41154,20003,1024981,38
41155,20001,1024981,38
41156,20005,1024982,18
41157,20003,1024982,24
41158,20016,1024988,81
41159,20006,1024988,76
41160,20008,1024988,77
41161,20015,1024990,42
41162,20009,1024990,38
41163,20007,1025020,37
41164,20008,1025020,42
41165,20006,1025020,35
41166,20013,1025023,8
41167,20020,1025023,5
41168,20007,1025023,14
41169,20018,1025024,70
41170,20007,1025025,19
41171,20012,1025025,25
41172,20002,1025034,49
41173,20008,1025034,50
41174,20013,1025034,49
41175,20014,1025035,33
41176,20020,1025035,39
41177,20008,1025035,41
41178,20001,1025036,48
41179,20020,1025036,50
41180,20016,1025037,32
41181,20005,1025038,70
41182,20019,1025043,76
41183,20018,1025043,75
41184,20017,1025045,11
41185,20020,1025045,10
41186,20005,1025045,12
41187,20003,1025046,80
41188,20018,1025046,85
41189,20003,1025047,77
41190,20020,1025051,8
41191,20006,1025051,9
41192,20019,1025051,11
41193,20003,1025056,52
41194,20010,1025056,49
41195,20002,1025056,56
41196,20007,1025057,74
41197,20012,1025057,72
41198,20020,1025060,48
41199,20002,1025060,45
41200,20001,1025060,52
41201,20009,1025065,78
41202,20014,1025065,72
41203,20016,1025066,3
41204,20010,1025066,6
41205,20004,1025071,27
41206,20002,1025071,29
41207,20009,1025073,24
41208,20004,1025074,79
41209,20012,1025074,79
41210,20008,1025074,76
41211,20011,1025075,56
41212,20010,1025076,19
41213,20004,1025076,20
41214,20001,1025076,19
41215,20020,1025078,32
41216,20001,1025078,30
41217,20008,1025078,38
41218,20001,1025079,33
41219,20011,1025079,32
41220,20006,1025082,16
41221,20017,1025082,19
41222,20002,1025083,11
41223,20014,1025083,18
41224,20006,1025084,102
41225,20001,1025084,101
41226,20003,1025084,107
41227,20016,1025085,79
41228,20015,1025085,83
41229,20001,1025086,21
41230,20006,1025086,20
41231,20011,1025086,27
41232,20007,1025090,6
41233,20013,1025090,12
41234,20011,1025090,6
41235,20012,1025094,73
41236,20006,1025094,73
41237,20020,1025094,73
41238,20009,1025096,38
41239,20005,1025096,32
41240,20011,1025096,39
41241,20018,1025097,39
41242,20006,1025097,37
41243,20008,1025099,82
41244,20017,1025100,97
41245,20013,1025100,91
41246,20002,1025102,51
41247,20009,1025102,52
41248,20018,1025102,52
41249,20014,1025104,25
41250,20016,1025104,22
41251,20005,1025104,25
41252,20001,1025108,77
41253,20019,1025112,28
41254,20018,1025112,31
41255,20011,1025112,25
41256,20015,1025113,79
41257,20008,1025113,77
41258,20012,1025113,78
41259,20008,1025116,66
41260,20002,1025117,50
41261,20013,1025120,39
41262,20020,1025120,46
41263,20016,1025122,31
41264,20020,1025122,33
41265,20001,1025122,32
41266,20006,1025140,84
41267,20004,1025140,83
41268,20009,1025140,78
41269,20006,1025171,95
41270,20005,1025171,96
41271,20017,1025171,95
41272,20002,1025198,69
41273,20012,1025211,49
41274,20005,1025211,41
41275,20001,1025211,43
41276,20006,1025213,57
41277,20002,1025213,58
41278,20005,1025213,57
41279,20010,1025217,83
41280,20005,1025221,74
41281,20020,1025221,66
41282,20013,1025223,38
41283,20020,1025223,34
41284,20015,1025241,53
41285,20011,1025241,49
41286,20005,1025241,44
41287,20011,1025246,96
41288,20019,1025254,57
41289,20004,1025255,44
41290,20005,1025255,40
41291,20003,1025255,36
41292,20015,1025275,98
41293,20014,1025275,106
41294,20013,1025275,102
41295,20013,1025276,45
41296,20015,1025277,104
41297,20003,1025278,73
41298,20019,1025278,79
41299,20004,1025278,74
41300,20010,1025279,103
41301,20002,1025291,79
41302,20019,1025291,74
41303,20002,1025309,62
41304,20014,1025310,94
41305,20007,1025310,92
41306,20012,1025310,99
41307,20002,1025312,48
41308,20020,1025312,49
41309,20012,1025312,46
41310,20014,1025329,85
41311,20010,1025331,89
41312,20001,1025331,97
41313,20013,1025332,75
41314,20005,1025332,73
41315,20012,1025344,87
41316,20006,1025344,78
41317,20005,1025344,79
41318,20013,1025346,47
41319,20002,1025346,40
41320,20017,1025346,42
41321,20003,1025361,55
41322,20006,1025361,56
41323,20001,1025361,56
41324,20008,1025362,72
41325,20009,1025365,15
41326,20020,1025365,18
41327,20010,1025373,95
41328,20019,1025373,97
41329,20016,1025383,44
41330,20015,1025383,44
41331,20020,1025384,28
41332,20015,1025384,30
41333,20019,1025384,28
41334,20016,1025386,64
41335,20012,1025388,47
41336,20020,1025388,48
41337,20016,1025388,47
41338,20016,1025400,61
41339,20008,1025400,63
41340,20003,1025412,47
41341,20011,1025428,63
41342,20008,1025428,59
41343,20007,1025428,63
41344,20018,1025433,95
41345,20016,1025433,96
41346,20007,1025433,89
41347,20006,1025441,39
41348,20005,1025441,40
41349,20004,1025441,39
41350,20001,1025442,91
41351,20003,1025442,93
41352,20005,1025442,87
41353,20007,1025454,32
41354,20006,1025454,37
41355,20005,1025454,38
41356,20005,1025471,44
41357,20003,1025471,37
41358,20004,1025471,39
41359,20005,1025482,88
41360,20018,1025482,83
41361,20014,1025482,84
41362,20002,1025494,56
41363,20018,1025494,60
41364,20011,1025494,54
41365,20005,1025496,41
41366,20006,1025500,85
41367,20019,1025500,88
41368,20001,1025500,91
41369,20005,1025507,109
41370,20011,1025507,106
41371,20012,1025507,108
41372,20011,1025509,35
41373,20017,1025513,47
41374,20019,1025513,44
41375,20016,1025514,94
41376,20005,1025514,95
41377,20013,1025517,46
41378,20015,1025517,47
41379,20015,1025518,22
41380,20009,1025518,17
41381,20018,1025530,3
41382,20016,1025537,23
41383,20009,1025537,26
41384,20011,1025537,20
41385,20007,1025545,43
41386,20020,1025566,12
41387,20019,1025567,95
41388,20012,1025568,26
41389,20008,1025568,19
41390,20018,1025568,24
41391,20005,1025584,80
41392,20007,1025586,88
41393,20003,1025586,86
41394,20018,1025590,85
41395,20014,1025590,82
41396,20006,1025594,13
41397,20010,1025594,16
41398,20008,1025594,13
41399,20005,1025606,62
41400,20007,1025607,19
41401,20015,1025607,16
41402,20016,1025607,18
41403,20007,1025616,31
41404,20010,1025616,26
41405,20005,1025628,37
41406,20018,1025628,41
41407,20012,1025628,37
41408,20017,1025670,18
41409,20003,1025674,19
41410,20007,1025674,18
41411,20019,1025674,19
41412,20004,1025677,15
41413,20019,1025677,10
41414,20007,1025680,62
41415,20019,1025690,19
41416,20014,1025691,19
41417,20008,1025691,24
41418,20003,1025691,20
41419,20017,1025695,40
41420,20009,1025695,33
41421,20014,1025698,52
41422,20008,1025698,46
41423,20005,1025700,57
41424,20006,1025700,58
41425,20020,1025700,56
41426,20009,1025707,44
41427,20019,1025720,11
41428,20020,1025720,13
41429,20015,1025720,15
41430,20014,1025727,43
41431,20015,1025727,43
41432,20011,1025727,43
41433,20002,1025734,85
41434,20015,1025734,80
41435,20003,1025734,85
41436,20013,1025735,71
41437,20014,1025740,74
41438,20012,1025741,77
41439,20014,1025741,76
41440,20017,1025747,54
41441,20020,1025750,56
41442,20018,1025751,59
41443,20010,1025752,29
41444,20007,1025752,25
41445,20020,1025752,26
41446,20011,1025753,75
41447,20002,1025753,77
41448,20020,1025753,75
41449,20010,1025756,96
41450,20017,1025756,96
41451,20017,1025759,51
41452,20019,1025759,50
41453,20007,1025760,39
41454,20011,1025760,42
41455,20013,1025760,38
41456,20006,1025771,41
41457,20003,1025771,41
41458,20002,1025772,70
41459,20001,1025772,66
41460,20004,1025772,66
41461,20010,1025783,101
41462,20008,1025785,18
41463,20017,1025794,67
41464,20011,1025796,86
41465,20015,1025796,84
41466,20003,1025796,93
41467,20018,1025806,63
41468,20005,1025806,68
41469,20020,1025815,67
41470,20007,1025818,72
41471,20004,1025818,78
41472,20004,1025819,97
41473,20012,1025825,22
41474,20007,1025825,17
41475,20010,1025828,25
41476,20004,1025828,19
41477,20018,1025828,26
41478,20006,1025837,60
41479,20017,1025838,16
41480,20005,1025839,60
41481,20017,1025839,62
41482,20010,1025845,67
41483,20016,1025845,70
41484,20002,1025846,90
41485,20007,1025846,90
41486,20010,1025848,26
41487,20018,1025850,50
41488,20011,1025850,53
41489,20016,1025863,77
41490,20019,1025865,105
41491,20009,1025865,103
41492,20016,1025865,105
41493,20003,1025868,93
41494,20008,1025868,96
41495,20011,1025868,90
41496,20004,1025869,78
41497,20006,1025869,74
41498,20008,1025869,73
41499,20014,1025875,23
41500,20013,1025875,26
41501,20004,1025878,11
41502,20005,1025878,18
41503,20018,1025882,74
41504,20001,1025882,73
41505,20012,1025882,76
41506,20010,1025884,18
41507,20004,1025884,19
41508,20017,1025886,37
41509,20013,1025886,38
41510,20014,1025886,30
41511,20006,1025888,65
41512,20013,1025888,69
41513,20015,1025905,18
41514,20009,1025907,8
41515,20003,1025907,15
41516,20005,1025920,90
41517,20018,1025924,80
41518,20006,1025926,29
41519,20012,1025926,33
41520,20019,1025933,91
41521,20003,1025933,87
41522,20006,1025934,79
41523,20020,1025937,103
41524,20012,1025937,103
41525,20002,1025937,101
41526,20019,1025942,71
41527,20007,1025943,33
41528,20009,1025944,55
41529,20008,1025944,61
41530,20002,1025944,58
41531,20009,1025945,87
41532,20019,1025947,22
41533,20001,1025950,68
41534,20015,1025950,64
41535,20019,1025950,60
41536,20019,1025977,86
41537,20014,1025979,25
41538,20011,1025987,76
41539,20018,1025987,82
41540,20019,1025996,20
41541,20013,1025997,22
41542,20006,1025997,20
41543,20017,1026008,59
41544,20014,1026008,60
41545,20010,1026008,66
41546,20009,1026012,69
41547,20013,1026012,66
41548,20019,1026015,43
41549,20017,1026016,15
41550,20011,1026016,6
41551,20019,1026016,6
41552,20003,1026017,99
41553,20008,1026017,98
41554,20010,1026021,58
41555,20006,1026021,57
41556,20013,1026021,63
41557,20018,1026022,48
41558,20012,1026022,48
41559,20011,1026022,46
41560,20001,1026025,58
41561,20006,1026031,94
41562,20019,1026031,92
41563,20011,1026031,94
41564,20009,1026039,56
41565,20014,1026039,60
41566,20019,1026040,33
41567,20015,1026041,10
41568,20004,1026041,19
41569,20019,1026044,31
41570,20003,1026044,27
41571,20001,1026044,24
41572,20019,1026048,21
41573,20007,1026048,16
41574,20009,1026048,16
41575,20003,1026051,9
41576,20005,1026051,10
41577,20019,1026051,6
41578,20011,1026053,89
41579,20015,1026053,88
41580,20020,1026057,52
41581,20013,1026057,48
41582,20015,1026057,51
41583,20003,1026058,48
41584,20019,1026058,50
41585,20009,1026058,53
41586,20007,1026059,101
41587,20011,1026071,93
41588,20005,1026071,95
41589,20014,1026076,89
41590,20011,1026080,38
41591,20003,1026080,40
41592,20010,1026084,50
41593,20011,1026084,46
41594,20012,1026085,76
41595,20003,1026085,76
41596,20007,1026085,76
41597,20017,1026086,9
41598,20005,1026086,18
41599,20007,1026089,59
41600,20018,1026089,54
41601,20017,1026089,56
41602,20010,1026091,37
41603,20010,1026098,48
41604,20015,1026098,51
41605,20019,1026107,29
41606,20009,1026107,24
41607,20009,1026109,106
41608,20003,1026109,107
41609,20013,1026113,92
41610,20012,1026113,96
41611,20020,1026114,27
41612,20006,1026115,42
41613,20007,1026118,67
41614,20009,1026118,67
41615,20020,1026120,64
41616,20001,1026120,66
41617,20008,1026122,19
41618,20003,1026124,19
41619,20005,1026126,92
41620,20012,1026126,87
41621,20004,1026126,90
41622,20009,1026129,62
41623,20015,1026129,63
41624,20018,1026129,61
41625,20001,1026131,21
41626,20019,1026134,33
41627,20005,1026134,35
41628,20010,1026134,37
41629,20009,1026135,54
41630,20020,1026136,96
41631,20014,1026139,97
41632,20013,1026139,98
41633,20019,1026141,41
41634,20005,1026152,77
41635,20015,1026152,74
41636,20016,1026153,53
41637,20014,1026164,78
41638,20008,1026164,72
41639,20009,1026166,69
41640,20010,1026167,40
41641,20014,1026168,23
41642,20003,1026168,31
41643,20001,1026168,23
41644,20011,1026170,85
41645,20020,1026170,80
41646,20015,1026170,80
41647,20012,1026174,52
41648,20005,1026174,60
41649,20019,1026174,59
41650,20020,1026182,64
41651,20005,1026184,74
41652,20006,1026185,92
41653,20001,1026185,93
41654,20006,1026186,58
41655,20007,1026189,39
41656,20018,1026189,35
41657,20009,1026189,42
41658,20007,1026191,19
41659,20004,1026191,17
41660,20014,1026191,14
41661,20015,1026192,14
41662,20008,1026193,83
41663,20020,1026193,75
41664,20016,1026193,82
41665,20005,1026196,47
41666,20002,1026196,45
41667,20012,1026208,56
41668,20008,1026208,52
41669,20014,1026208,56
41670,20012,1026209,79
41671,20011,1026209,83
41672,20006,1026210,86
41673,20011,1026210,90
41674,20003,1026212,105
41675,20008,1026212,99
41676,20008,1026213,11
41677,20004,1026213,8
41678,20007,1026221,102
41679,20014,1026221,96
41680,20002,1026221,100
41681,20005,1026222,39
41682,20012,1026222,34
41683,20005,1026223,67
41684,20020,1026223,71
41685,20003,1026223,65
41686,20013,1026231,14
41687,20016,1026232,102
41688,20008,1026238,25
41689,20013,1026238,20
41690,20004,1026246,109
41691,20014,1026246,101
41692,20016,1026250,29
41693,20009,1026250,26
41694,20006,1026253,100
41695,20015,1026253,104
41696,20016,1026254,16
41697,20008,1026255,57
41698,20004,1026255,59
41699,20003,1026255,55
41700,20016,1026256,100
41701,20001,1026259,48
41702,20012,1026259,51
41703,20016,1026259,48
41704,20007,1026260,65
41705,20015,1026265,98
41706,20017,1026265,100
41707,20013,1026267,79
41708,20014,1026267,83
41709,20015,1026267,83
41710,20001,1026272,41
41711,20004,1026284,64
41712,20020,1026284,68
41713,20013,1026284,69
41714,20014,1026285,34
41715,20013,1026285,36
41716,20001,1026288,52
41717,20016,1026293,16
41718,20008,1026295,67
41719,20020,1026295,68
41720,20016,1026303,105
41721,20007,1026303,103
41722,20002,1026303,105
41723,20010,1026304,92
41724,20006,1026305,87
41725,20011,1026305,88
41726,20004,1026307,40
41727,20002,1026307,40
41728,20019,1026307,36
41729,20006,1026309,7
41730,20010,1026309,12
41731,20014,1026312,90
41732,20009,1026313,90
41733,20017,1026313,93
41734,20013,1026316,82
41735,20002,1026316,76
41736,20007,1026319,90
41737,20014,1026319,85
41738,20019,1026319,85
41739,20002,1026320,15
41740,20017,1026323,77
41741,20001,1026323,76
41742,20019,1026325,17
41743,20011,1026325,16
41744,20017,1026325,18
41745,20007,1026326,93
41746,20014,1026326,93
41747,20002,1026327,66
41748,20018,1026332,27
41749,20012,1026332,30
41750,20007,1026332,26
41751,20018,1026333,67
41752,20005,1026335,17
41753,20009,1026342,69
41754,20020,1026342,69
41755,20012,1026345,8
41756,20010,1026345,7
41757,20008,1026345,11
41758,20008,1026346,89
41759,20001,1026349,77
41760,20005,1026349,80
41761,20005,1026350,15
41762,20001,1026350,14
41763,20006,1026355,18
41764,20004,1026371,82
41765,20012,1026384,7
41766,20011,1026392,16
41767,20017,1026392,8
41768,20017,1026393,53
41769,20013,1026393,53
41770,20015,1026393,50
41771,20008,1026398,27
41772,20004,1026403,86
41773,20002,1026403,85
41774,20005,1026410,36
41775,20009,1026410,34
41776,20010,1026422,57
41777,20013,1026425,6
41778,20002,1026425,9
41779,20009,1026432,100
41780,20008,1026432,98
41781,20013,1026435,58
41782,20017,1026435,53
41783,20008,1026438,50
41784,20005,1026517,65
41785,20003,1026517,64
41786,20016,1026563,102
41787,20006,1026590,93
41788,20019,1026590,95
41789,20013,1026610,101
41790,20012,1026610,103
41791,20009,1026610,108
41792,20001,1026612,53
41793,20003,1026612,56
41794,20003,1026629,62
41795,20012,1026629,61
41796,20011,1026654,26
41797,20009,1026654,25
41798,20015,1026662,16
41799,20017,1026692,17
41800,20007,1026697,6
41801,20016,1026697,7
41802,20018,1026698,10
41803,20009,1026698,7
41804,20010,1026717,58
41805,20017,1026717,53
41806,20017,1026722,3
41807,20012,1026743,20
41808,20004,1026745,82
41809,20017,1026745,84
41810,20009,1026745,84
41811,20020,1026747,86
41812,20008,1026795,34
41813,20020,1026798,80
41814,20016,1026798,82
41815,20005,1026806,35
41816,20020,1026818,93
41817,20015,1026818,90
41818,20011,1026818,91
41819,20017,1124377,36
41820,20008,1127973,36
41821,20009,1127973,29
41822,20017,1127973,32
41823,20001,1127974,79
41824,20014,1127978,79
41825,20010,1127978,78
41826,20006,1127982,97
41827,20002,1127983,15
41828,20007,1127993,32
41829,20016,1127993,28
41830,20010,1127993,33
41831,20012,1128333,84
41832,20019,1128333,90
41833,20003,1128333,86
41834,20005,1129071,38
41835,20013,1129091,43
41836,20014,1129091,45
41837,20002,1129091,45
41838,20017,1129095,50
41839,20013,1129101,71
41840,20004,1129101,67
41841,20003,1129101,67
41842,20013,1129103,78
41843,20009,1129105,78
41844,20018,1129105,72
41845,20003,1129109,55
41846,20006,1129109,54
41847,20001,1129112,79
41848,20003,1129112,81
41849,20016,1129112,87
41850,20012,1141993,55
41851,20009,1141993,57
41852,20020,1141993,50
41853,20015,1141999,62
41854,20008,1141999,66
41855,20001,1142020,18
41856,20011,1142020,17
41857,20002,1142020,13
41858,20012,1142057,100
41859,20017,1142059,42
41860,20020,1142059,47
41861,20003,1142060,23
41862,20013,1142060,24
41863,20008,1142060,23
41864,20017,1142061,62
41865,20018,1142587,20
41866,20017,1142587,12
41867,20011,1142589,56
41868,20016,1142592,47
41869,20007,1142592,46
41870,20003,1142592,45
41871,20003,1142593,16
41872,20014,1142595,31
41873,20019,1142595,32
41874,20018,1142596,94
41875,20004,1143334,82
41876,20016,1143513,104
41877,20016,1143562,14
41878,20001,1143562,16
41879,20007,1143572,81
41880,20011,1143572,83
41881,20017,1143574,96
41882,20013,1143574,91
41883,20016,1143604,65
41884,20017,1143604,67
41885,20001,1143604,70
41886,20006,1143611,61
41887,20013,1143627,76
41888,20003,1143627,71
41889,20001,1143653,28
41890,20018,1143653,32
41891,20011,1143654,48
41892,20003,1143654,49
41893,20017,1143654,48
41894,20017,1143655,47
41895,20007,1143661,52
41896,20012,1143661,52
41897,20004,1143664,56
41898,20005,1143664,51
41899,20009,1143664,58
41900,20007,1143666,52
41901,20001,1143667,32
41902,20020,1143668,86
41903,20004,1143668,84
41904,20012,1143685,58
41905,20011,1143685,62
41906,20002,1143685,58
41907,20013,1143686,97
41908,20017,1143699,80
41909,20002,1143714,45
41910,20020,1143714,42
41911,20009,1143714,43
41912,20016,1143720,75
41913,20019,1143770,66
41914,20004,1143771,30
41915,20006,1143771,34
41916,20019,1143771,32
41917,20014,1143773,30
41918,20012,1143773,32
41919,20010,1143773,34
41920,20014,1143774,65
41921,20007,1143774,71
41922,20018,1143775,107
41923,20015,1143775,104
41924,20017,1143775,102
41925,20015,1143786,12
41926,20013,1143786,13
41927,20019,1143794,32
41928,20018,1143794,28
41929,20003,1143794,28
41930,20015,1143801,25
41931,20002,1143802,83
41932,20009,1143803,34
41933,20015,1143803,39
41934,20017,1143803,40
41935,20010,1143812,92
41936,20014,1143816,98
41937,20013,1143816,97
41938,20005,1143845,27
41939,20014,1143848,37
41940,20008,1143848,42
41941,20009,1143860,28
41942,20010,1143874,32
41943,20017,1143874,33
41944,20019,1143888,34
41945,20005,1143892,74
41946,20009,1143892,71
41947,20015,1143893,8
41948,20009,1143918,87
41949,20006,1143918,84
41950,20001,1143964,7
41951,20019,1143964,11
41952,20008,1143964,7
41953,20001,1143968,16
41954,20004,1143969,58
41955,20015,1143969,64
41956,20002,1143969,60
41957,20012,1143973,85
41958,20006,1143973,84
41959,20002,1143994,82
41960,20013,1143997,51
41961,20004,1143997,48
41962,20005,1143997,50
41963,20002,1144003,101
41964,20018,1144010,59
41965,20002,1144010,63
41966,20012,1144013,74
41967,20010,1144013,76
41968,20020,1144079,86
41969,20011,1144079,86
41970,20016,1144081,72
41971,20014,1144083,35
41972,20002,1144083,41
41973,20010,1144083,36
41974,20014,1144089,38
41975,20004,1144104,22
41976,20017,1144104,31
41977,20006,1144108,96
41978,20020,1144108,98
41979,20002,1144111,24
41980,20003,1144111,15
41981,20017,1144111,20
41982,20008,1144130,5
41983,20003,1144130,4
41984,20015,1144152,44
41985,20012,1144152,51
41986,20005,1144165,21
41987,20014,1144165,17
41988,20010,1144165,18
41989,20020,1144168,53
41990,20009,1144171,30
41991,20020,1144171,29
41992,20015,1144171,32
41993,20017,1144172,56
41994,20014,1144172,57
41995,20007,1144174,104
41996,20002,1144179,20
41997,20005,1144179,25
41998,20020,1144179,28
41999,20017,1144186,67
42000,20005,1144186,64
42001,20012,1144188,61
42002,20007,1144188,64
42003,20005,1144188,60
42004,20014,1144247,6
42005,20009,1144247,6
42006,20010,1144265,93
42007,20020,1144265,95
42008,20003,1144265,97
42009,20015,1144270,76
42010,20004,1144270,73
42011,20006,1144279,91
42012,20019,1144279,85
42013,20013,1144279,89
42014,20016,1144280,45
42015,20007,1144280,42
42016,20013,1144280,45
42017,20008,1144294,109
42018,20011,1144294,106
42019,20007,1144296,92
42020,20012,1144300,74
42021,20003,1144300,72
42022,20010,1144304,92
42023,20008,1144304,86
42024,20009,1144308,108
42025,20001,1144308,109
42026,20008,1144326,51
42027,20019,1144346,55
42028,20018,1144346,54
42029,20017,1144347,25
42030,20019,1144352,47
42031,20013,1144414,41
42032,20001,1144426,24
42033,20009,1144426,24
42034,20004,1144426,27
42035,20008,1144448,39
42036,20014,1144448,39
42037,20011,1144448,32
42038,20009,1144449,97
42039,20015,1144479,26
42040,20003,1144514,11
42041,20006,1144514,12
42042,20017,1144514,8
42043,20009,1144573,44
42044,20019,1144581,18
42045,20009,1144581,14
42046,20001,1144639,107
42047,20018,1144639,102
42048,20016,1144639,108
42049,20004,1144694,55
42050,20017,1144694,52
42051,20016,1144694,56
42052,20016,1144718,100
42053,20016,1144757,62
42054,20015,1144757,64
42055,20002,1144757,64
42056,20013,1144758,32
42057,20020,1144758,36
42058,20001,1144761,95
42059,20019,1144774,68
42060,20008,1144774,68
42061,20006,1144777,102
42062,20002,1144777,95
42063,20019,1144785,76
42064,20007,1144785,76
42065,20008,1144785,68
42066,20001,1144789,63
42067,20002,1144789,66
42068,20014,1144798,28
42069,20013,1144798,27
42070,20008,1144798,20
42071,20003,1144807,71
42072,20002,1144810,28
42073,20008,1144810,23
42074,20012,1144814,79
42075,20017,1144817,72
42076,20012,1144821,54
42077,20013,1144825,100
42078,20002,1144825,109
42079,20003,1144829,49
42080,20009,1144837,102
42081,20005,1144837,104
42082,20010,1144847,90
42083,20008,1144847,82
42084,20005,1144859,108
42085,20017,1144859,104
42086,20004,1144859,108
42087,20016,1144862,63
42088,20011,1144862,62
42089,20012,1144873,17
42090,20003,1144873,17
42091,20017,1144910,51
42092,20020,1144910,57
42093,20008,1144926,61
42094,20007,1144942,82
42095,20006,1144942,87
42096,20014,1144942,84
42097,20006,1144943,90
42098,20020,1144944,27
42099,20013,1144944,34
42100,20009,1144944,36
42101,20018,1144975,51
42102,20019,1144993,90
42103,20016,1145000,14
42104,20001,1145000,18
42105,20019,1145000,15
42106,20016,1145005,83
42107,20010,1145014,69
42108,20006,1145014,74
42109,20010,1145020,102
42110,20018,1145020,105
42111,20013,1145025,21
42112,20005,1145025,26
42113,20018,1145026,37
42114,20003,1145026,32
42115,20013,1145038,91
42116,20017,1145038,92
42117,20006,1145038,94
42118,20013,1145041,63
42119,20015,1145041,55
42120,20008,1145041,61
42121,20006,1145198,79
42122,20002,1145198,77
42123,20014,1145198,72
42124,20009,1145210,63
42125,20014,1145210,68
42126,20001,1145230,86
42127,20009,1145230,87
42128,20012,1145230,93
42129,20015,1145239,89
42130,20016,1145243,53
42131,20009,1145243,49
42132,20016,1145247,23
42133,20010,1145247,22
42134,20007,1145247,27
42135,20018,1145259,29
42136,20007,1145259,31
42137,20019,1145282,9
42138,20018,1145285,42
42139,20011,1145286,76
42140,20020,1145292,105
42141,20009,1145292,103
42142,20003,1145292,105
42143,20019,1145297,29
42144,20020,1145297,28
42145,20012,1145327,70
42146,20001,1145327,72
42147,20007,1145327,65
42148,20009,1145329,82
42149,20008,1145329,85
42150,20020,1145331,96
42151,20018,1145331,99
42152,20005,1145336,108
42153,20014,1145336,106
42154,20019,1145336,107
42155,20017,1145343,94
42156,20008,1145348,47
42157,20007,1145348,51
42158,20016,1145350,21
42159,20012,1145350,21
42160,20001,1145350,24
42161,20015,1145361,7
42162,20008,1145366,38
42163,20010,1145366,39
42164,20014,1145370,105
42165,20017,1145377,6
42166,20019,1145383,40
42167,20005,1145387,56
42168,20001,1145391,61
42169,20018,1145391,66
42170,20012,1145391,69
42171,20016,1145392,91
42172,20010,1145397,25
42173,20013,1145397,31
42174,20018,1145397,25
42175,20004,1145399,82
42176,20008,1145399,77
42177,20006,1145399,74
42178,20013,1145400,51
42179,20019,1145406,96
42180,20005,1145406,92
42181,20002,1145421,40
42182,20005,1145421,48
42183,20020,1145421,42
42184,20005,1145422,103
42185,20001,1145422,102
42186,20009,1145422,109
42187,20018,1145425,78
42188,20002,1145425,72
42189,20008,1145425,76
42190,20002,1145442,98
42191,20005,1145442,98
42192,20001,1145442,98
42193,20001,1145451,106
42194,20016,1145451,100
42195,20005,1145451,99
42196,20016,1145455,62
42197,20002,1145455,64
42198,20011,1145463,53
42199,20010,1145463,55
42200,20008,1145469,88
42201,20001,1145469,90
42202,20011,1145475,16
42203,20010,1145475,11
42204,20007,1145475,9
42205,20018,1145478,101
42206,20020,1145478,101
42207,20015,1145478,96
42208,20003,1145488,17
42209,20013,1145488,18
42210,20015,1145489,93
42211,20006,1145489,93
42212,20006,1145495,80
42213,20007,1145509,94
42214,20008,1145518,89
42215,20014,1145518,87
42216,20007,1145518,89
42217,20005,1145522,88
42218,20009,1145532,16
42219,20016,1145532,10
42220,20007,1145541,74
42221,20018,1145541,78
42222,20019,1145541,79
42223,20001,1145549,54
42224,20019,1145552,81
42225,20002,1145552,82
42226,20016,1145552,76
42227,20016,1145570,26
42228,20018,1145570,22
42229,20004,1145571,58
42230,20009,1145579,32
42231,20019,1145579,25
42232,20003,1145582,67
42233,20015,1145582,71
42234,20007,1145582,75
42235,20015,1145583,75
42236,20010,1145583,76
42237,20013,1145583,70
42238,20007,1145588,55
42239,20016,1145604,94
42240,20017,1145604,89
42241,20018,1145604,89
42242,20009,1145607,47
42243,20001,1145607,47
42244,20003,1145614,63
42245,20001,1145614,62
42246,20014,1145624,62
42247,20007,1145624,69
42248,20007,1145625,77
42249,20007,1145634,37
42250,20013,1145634,41
42251,20009,1145635,60
42252,20004,1145643,6
42253,20001,1145643,6
42254,20016,1145643,8
42255,20005,1145645,39
42256,20007,1145647,94
42257,20016,1145647,86
42258,20001,1145665,41
42259,20013,1145665,46
42260,20003,1145676,28
42261,20019,1145676,21
42262,20020,1145682,29
42263,20018,1145682,28
42264,20014,1145682,24
42265,20011,1145686,56
42266,20001,1145719,71
42267,20019,1145719,73
42268,20015,1145719,73
42269,20020,1145724,75
42270,20017,1145724,74
42271,20011,1145728,45
42272,20001,1145728,44
42273,20011,1145735,82
42274,20005,1145735,88
42275,20016,1145735,85
42276,20008,1145736,95
42277,20009,1145738,66
42278,20006,1145746,60
42279,20013,1145755,11
42280,20014,1145775,42
42281,20013,1145775,47
42282,20008,1145775,45
42283,20006,1145789,76
42284,20004,1145789,81
42285,20008,1145803,46
42286,20015,1145803,47
42287,20012,1145829,43
42288,20019,1145838,63
42289,20004,1145847,38
42290,20011,1145847,36
42291,20019,1145847,37
42292,20010,1145853,11
42293,20019,1145872,86
42294,20013,1145876,52
42295,20020,1145876,55
42296,20008,1145879,71
42297,20001,1145879,76
42298,20008,1145881,38
42299,20013,1145881,37
42300,20019,1145881,41
42301,20013,1145885,41
42302,20014,1145885,38
42303,20012,1145885,35
42304,20005,1145887,62
42305,20008,1145887,70
42306,20013,1145891,60
42307,20016,1145891,59
42308,20015,1145891,57
42309,20013,1145895,80
42310,20018,1145903,56
42311,20008,1145903,54
42312,20006,1145914,15
42313,20006,1145919,103
42314,20011,1145919,95
42315,20001,1145923,53
42316,20007,1145923,46
42317,20017,1145924,24
42318,20002,1145924,18
42319,20006,1145924,20
42320,20018,1145931,75
42321,20006,1145948,11
42322,20018,1145948,11
42323,20016,1145948,12
42324,20009,1145949,20
42325,20017,1145949,25
42326,20002,1145949,21
42327,20004,1145959,54
42328,20005,1145959,49
42329,20020,1145964,57
42330,20005,1145964,54
42331,20006,1145964,51
42332,20010,1145965,64
42333,20011,1145975,63
42334,20006,1145976,79
42335,20011,1145976,79
42336,20007,1145979,21
42337,20004,1145979,21
42338,20016,1145979,14
42339,20017,1145992,34
42340,20004,1145992,37
42341,20020,1145995,89
42342,20019,1145996,44
42343,20015,1145996,45
42344,20017,1145996,44
42345,20019,1146003,44
42346,20010,1146003,51
42347,20008,1146015,104
42348,20007,1146015,104
42349,20019,1146015,103
42350,20019,1146016,43
42351,20009,1146016,47
42352,20010,1146018,9
42353,20019,1146018,11
42354,20012,1146018,4
42355,20003,1146019,82
42356,20020,1146030,34
42357,20008,1146030,33
42358,20008,1146036,22
42359,20002,1146036,25
42360,20019,1146036,25
42361,20016,1146045,23
42362,20005,1146055,65
42363,20012,1146055,63
42364,20009,1146057,52
42365,20003,1146067,56
42366,20020,1146067,61
42367,20017,1146068,101
42368,20018,1146068,102
42369,20014,1146079,41
42370,20002,1146079,40
42371,20008,1146079,36
42372,20018,1146080,18
42373,20012,1146080,25
42374,20011,1146080,22
42375,20014,1146083,60
42376,20016,1146083,54
42377,20018,1146085,13
42378,20004,1146088,28
42379,20008,1146089,39
42380,20004,1146089,40
42381,20007,1146092,99
42382,20018,1146092,101
42383,20008,1146093,89
42384,20010,1146095,79
42385,20020,1146105,22
42386,20017,1146105,22
42387,20011,1146105,25
42388,20010,1146106,33
42389,20016,1146106,35
42390,20010,1146107,100
42391,20001,1146107,96
42392,20005,1146110,66
42393,20008,1146112,45
42394,20017,1146112,49
42395,20009,1146114,66
42396,20009,1146119,66
42397,20015,1146126,90
42398,20010,1146126,93
42399,20017,1146126,93
42400,20012,1146130,91
42401,20008,1146130,90
42402,20014,1146130,89
42403,20015,1146132,66
42404,20012,1146132,63
42405,20008,1146133,73
42406,20003,1146133,77
42407,20014,1146135,43
42408,20009,1146135,42
42409,20011,1146135,41
42410,20015,1146136,63
42411,20010,1146136,63
42412,20007,1146140,77
42413,20003,1146140,73
42414,20012,1146144,38
42415,20007,1146144,37
42416,20002,1146144,38
42417,20001,1146146,59
42418,20005,1146148,93
42419,20017,1146148,90
42420,20010,1146148,88
42421,20011,1146160,69
42422,20002,1146160,72
42423,20005,1146160,73
42424,20013,1146162,60
42425,20020,1146162,62
42426,20002,1146162,60
42427,20011,1146168,65
42428,20019,1146169,22
42429,20015,1146169,22
42430,20008,1146171,101
42431,20018,1146171,97
42432,20003,1146171,99
42433,20005,1146175,98
42434,20019,1146175,104
42435,20015,1146175,97
42436,20016,1146177,83
42437,20001,1146177,87
42438,20013,1146187,72
42439,20012,1146187,74
42440,20008,1146187,76
42441,20010,1146189,98
42442,20011,1146189,97
42443,20008,1146189,92
42444,20010,1146203,80
42445,20019,1146216,49
42446,20014,1146216,46
42447,20010,1146239,52
42448,20012,1146240,7
42449,20011,1146240,6
42450,20002,1146240,3
42451,20016,1146241,57
42452,20012,1146262,47
42453,20001,1146262,46
42454,20004,1146262,50
42455,20005,1146267,12
42456,20011,1146267,7
42457,20003,1146273,14
42458,20015,1146273,12
42459,20004,1146273,9
42460,20004,1146274,48
42461,20001,1146274,43
42462,20007,1146277,96
42463,20004,1146281,25
42464,20020,1146281,32
42465,20006,1146308,55
42466,20007,1146351,46
42467,20014,1146353,23
42468,20013,1146353,22
42469,20012,1146353,25
42470,20018,1146365,74
42471,20020,1146372,89
42472,20020,1146373,49
42473,20007,1146383,49
42474,20003,1146383,52
42475,20017,1146387,42
42476,20010,1146387,44
42477,20005,1146387,44
42478,20019,1146392,89
42479,20005,1146392,97
42480,20011,1146392,93
42481,20019,1146402,51
42482,20011,1146403,17
42483,20006,1146403,18
42484,20002,1146403,19
42485,20020,1146407,83
42486,20010,1146407,78
42487,20010,1146415,79
42488,20014,1146415,77
42489,20006,1146426,102
42490,20012,1146426,102
42491,20017,1146431,100
42492,20010,1146433,81
42493,20011,1146434,29
42494,20019,1146434,34
42495,20007,1146436,88
42496,20008,1146436,93
42497,20020,1146436,91
42498,20020,1146438,5
42499,20003,1146438,11
42500,20008,1146438,11
42501,20009,1146441,12
42502,20012,1146453,103
42503,20019,1146453,106
42504,20015,1146453,101
42505,20009,1146465,34
42506,20016,1146469,73
42507,20020,1146469,68
42508,20003,1146478,87
42509,20020,1146478,89
42510,20013,1146483,13
42511,20019,1146483,10
42512,20013,1146492,55
42513,20008,1146492,57
42514,20005,1146498,44
42515,20019,1146498,44
42516,20008,1146501,43
42517,20004,1146501,48
42518,20018,1146503,66
42519,20016,1146503,68
42520,20001,1146514,11
42521,20009,1146520,35
42522,20010,1146520,36
42523,20020,1146520,36
42524,20010,1146533,102
42525,20017,1146533,95
42526,20014,1146533,96
42527,20005,1146536,29
42528,20003,1146536,24
42529,20016,1146537,52
42530,20019,1146540,44
42531,20010,1146548,69
42532,20018,1146549,42
42533,20001,1146549,44
42534,20005,1146550,42
42535,20018,1146550,43
42536,20011,1146550,47
42537,20005,1146551,67
42538,20003,1146551,64
42539,20018,1146556,19
42540,20012,1146556,26
42541,20013,1146556,24
42542,20007,1146563,63
42543,20007,1146565,27
42544,20002,1146565,28
42545,20018,1146578,47
42546,20016,1146578,48
42547,20017,1146578,53
42548,20017,1146579,86
42549,20008,1146579,89
42550,20020,1146579,87
42551,20015,1146583,70
42552,20019,1146601,28
42553,20005,1146604,46
42554,20016,1146604,44
42555,20013,1146605,81
42556,20007,1146605,77
42557,20015,1146605,75
42558,20010,1146645,50
42559,20018,1146645,47
42560,20009,1146645,48
42561,20013,1146652,100
42562,20009,1146652,102
42563,20002,1146653,61
42564,20018,1146663,49
42565,20015,1146663,41
42566,20003,1146664,87
42567,20004,1146664,88
42568,20019,1146686,53
42569,20018,1146686,52
42570,20002,1146686,49
42571,20006,1146687,48
42572,20005,1146687,51
42573,20014,1146692,37
42574,20016,1146692,34
42575,20014,1146694,62
42576,20020,1146718,37
42577,20005,1146718,38
42578,20015,1146718,37
42579,20011,1146720,34
42580,20001,1146726,49
42581,20016,1146726,42
42582,20017,1146732,32
42583,20006,1146732,37
42584,20008,1146732,36
42585,20017,1146734,104
42586,20002,1146740,44
42587,20019,1146740,47
42588,20004,1146740,51
42589,20012,1146746,69
42590,20012,1146753,85
42591,20017,1146753,88
42592,20011,1146755,49
42593,20014,1146755,53
42594,20004,1146755,56
42595,20008,1146756,74
42596,20005,1146756,72
42597,20003,1146759,70
42598,20002,1146759,65
42599,20018,1146759,70
42600,20009,1146765,23
42601,20006,1146780,41
42602,20016,1146785,55
42603,20004,1146785,58
42604,20001,1146793,32
42605,20006,1146802,75
42606,20008,1146802,73
42607,20005,1146802,68
42608,20020,1146805,58
42609,20008,1146805,55
42610,20001,1146806,58
42611,20017,1146806,59
42612,20019,1146806,61
42613,20015,1146807,65
42614,20003,1146810,28
42615,20004,1146810,33
42616,20003,1146811,25
42617,20001,1146812,28
42618,20009,1146812,33
42619,20006,1146812,30
42620,20019,1146814,67
42621,20015,1146826,71
42622,20008,1146826,71
42623,20012,1146826,72
42624,20004,1146836,63
42625,20003,1146836,59
42626,20003,1146840,79
42627,20012,1146840,78
42628,20015,1146841,41
42629,20018,1146842,97
42630,20008,1146849,79
42631,20015,1146850,76
42632,20009,1146850,72
42633,20012,1146851,66
42634,20014,1146851,72
42635,20006,1146857,64
42636,20006,1146990,21
42637,20014,1147007,76
42638,20017,1147007,69
42639,20013,1147023,54
42640,20004,1147025,103
42641,20002,1147025,98
42642,20012,1147029,86
42643,20008,1147029,86
42644,20011,1147029,88
42645,20003,1147032,99
42646,20007,1147032,97
42647,20002,1147035,58
42648,20020,1147035,60
42649,20011,1147035,52
42650,20007,1147046,30
42651,20020,1147046,25
42652,20006,1147063,58
42653,20014,1147063,53
42654,20003,1147106,96
42655,20010,1147119,20
42656,20007,1147119,24
42657,20005,1147130,61
42658,20003,1147137,70
42659,20016,1147138,64
42660,20005,1147142,61
42661,20014,1147142,66
42662,20017,1147150,71
42663,20009,1147150,75
42664,20003,1147150,70
42665,20012,1147151,17
42666,20010,1147165,100
42667,20009,1147165,100
42668,20016,1147165,98
42669,20007,1147179,38
42670,20002,1147184,10
42671,20015,1147184,8
42672,20014,1147185,6
42673,20013,1147185,8
42674,20016,1147185,8
42675,20012,1147203,10
42676,20017,1147275,46
42677,20020,1147275,40
42678,20016,1147275,43
42679,20016,1147283,23
42680,20007,1147283,17
42681,20010,1147286,57
42682,20009,1147287,97
42683,20020,1147294,56
42684,20014,1147295,49
42685,20007,1147295,42
42686,20006,1147295,41
42687,20013,1147297,79
42688,20004,1147297,70
42689,20012,1147299,38
42690,20017,1147299,34
42691,20013,1147303,31
42692,20003,1147306,93
42693,20015,1147306,95
42694,20006,1147306,95
42695,20008,1147309,93
42696,20015,1147309,88
42697,20020,1147326,59
42698,20012,1147326,54
42699,20002,1147329,18
42700,20020,1147329,12
42701,20002,1147338,15
42702,20018,1147342,93
42703,20002,1147342,91
42704,20017,1147346,58
42705,20008,1147346,65
42706,20003,1147347,66
42707,20001,1147347,65
42708,20016,1147347,71
42709,20010,1147357,21
42710,20017,1147391,51
42711,20016,1147391,54
42712,20002,1147420,95
42713,20004,1147420,93
42714,20009,1147420,94
42715,20007,1147430,35
42716,20008,1147430,33
42717,20017,1147430,36
42718,20002,1147438,35
42719,20010,1147438,31
42720,20007,1147438,37
42721,20015,1147444,14
42722,20003,1147444,6
42723,20004,1147449,90
42724,20007,1147449,91
42725,20010,1147449,84
42726,20002,1147456,73
42727,20001,1147456,74
42728,20012,1147456,73
42729,20015,1147460,50
42730,20001,1147460,49
42731,20020,1147461,11
42732,20009,1147464,14
42733,20006,1147464,9
42734,20019,1147467,93
42735,20006,1147476,94
42736,20019,1147476,85
42737,20002,1147476,94
42738,20011,1147488,63
42739,20007,1147488,59
42740,20002,1147492,67
42741,20003,1147492,70
42742,20011,1147492,63
42743,20011,1147493,41
42744,20002,1147493,45
42745,20010,1147502,90
42746,20005,1147509,76
42747,20018,1147509,74
42748,20016,1147509,83
42749,20010,1147516,36
42750,20017,1147516,35
42751,20013,1147530,81
42752,20015,1147531,3
42753,20010,1147531,9
42754,20003,1147536,22
42755,20006,1147536,23
42756,20017,1147539,5
42757,20006,1147539,4
42758,20013,1147539,12
42759,20020,1147543,2
42760,20009,1147543,7
42761,20018,1147543,4
42762,20003,1147550,105
42763,20002,1147553,70
42764,20007,1147559,53
42765,20006,1147559,52
42766,20001,1147560,83
42767,20006,1147560,87
42768,20014,1147560,83
42769,20018,1147562,68
42770,20013,1147565,61
42771,20009,1147565,58
42772,20005,1147568,82
42773,20016,1147568,82
42774,20014,1147568,89
42775,20006,1147581,106
42776,20004,1147581,97
42777,20003,1147581,100
42778,20008,1147582,21
42779,20020,1147582,12
42780,20006,1147582,20
42781,20012,1147598,20
42782,20003,1147598,20
42783,20008,1147598,18
42784,20014,1147607,27
42785,20005,1147611,88
42786,20014,1147611,89
42787,20002,1147619,75
42788,20020,1147619,77
42789,20006,1147634,60
42790,20011,1147634,59
42791,20002,1147637,41
42792,20017,1147647,37
42793,20001,1147655,54
42794,20017,1147678,89
42795,20011,1147678,96
42796,20002,1147678,94
42797,20010,1147738,66
42798,20017,1147738,70
42799,20019,1147772,36
42800,20014,1147772,30
42801,20020,1147833,33
42802,20018,1147833,40
42803,20016,1147834,31
42804,20014,1147834,36
42805,20012,1147846,13
42806,20017,1147846,12
42807,20007,1147849,85
42808,20004,1147852,47
42809,20019,1147852,52
42810,20001,1147852,49
42811,20013,1147872,49
42812,20009,1147873,45
42813,20011,1147873,47
42814,20005,1147938,93
42815,20015,1147938,95
42816,20013,1147939,51
42817,20004,1147939,54
42818,20001,1147989,39
42819,20004,1147989,43
42820,20002,1147989,44
42821,20012,1147993,35
42822,20018,1148004,84
42823,20003,1148004,81
42824,20009,1148004,85
42825,20016,1148031,31
42826,20017,1148031,32
42827,20015,1148031,29
42828,20010,1148050,54
42829,20013,1148078,98
42830,20005,1148079,62
42831,20019,1148079,64
42832,20017,1148087,89
42833,20020,1148097,21
42834,20020,1148139,10
42835,20002,1148144,85
42836,20017,1148144,85
42837,20006,1148149,26
42838,20015,1148149,25
42839,20011,1148168,72
42840,20008,1148168,69
42841,20012,1148173,25
42842,20011,1148173,25
42843,20001,1148173,21
42844,20008,1148178,72
42845,20017,1148178,75
42846,20007,1148180,6
42847,20009,1148183,55
42848,20001,1148183,59
42849,20012,1148183,60
42850,20010,1148185,23
42851,20013,1148185,26
42852,20017,1148185,21
42853,20011,1148187,5
42854,20016,1148189,98
42855,20019,1148189,97
42856,20013,1148189,100
42857,20019,1148202,96
42858,20016,1148202,96
42859,20002,1148202,98
42860,20005,1148204,78
42861,20007,1148204,83
42862,20015,1148204,81
42863,20009,1148211,67
42864,20017,1148211,62
42865,20019,1148211,67
42866,20016,1148213,100
42867,20006,1148215,23
42868,20003,1148215,20
42869,20015,1148215,21
42870,20010,1148226,80
42871,20010,1148236,58
42872,20004,1148236,57
42873,20017,1148236,56
42874,20011,1148310,63
42875,20001,1148337,33
42876,20016,1148408,49
42877,20011,1148408,53
42878,20006,1148448,67
42879,20001,1148500,97
42880,20002,1148551,84
42881,20016,1148551,91
42882,20019,1148551,91
42883,20017,1148554,75
42884,20020,1148566,80
42885,20015,1148566,80
42886,20008,1148716,80
42887,20007,1148791,19
42888,20019,1148791,24
42889,20017,1148791,22
42890,20005,1148792,76
42891,20015,1148792,78
42892,20003,1148792,75
42893,20013,1148802,74
42894,20005,1148835,13
42895,20008,1148835,9
42896,20007,1148856,18
42897,20014,1148856,10
42898,20007,1148968,82
42899,20011,1148968,78
42900,20006,1148968,73
42901,20014,1149059,20
42902,20017,1149059,20
42903,20004,1149059,21
42904,20013,1149131,27
42905,20011,1149178,18
42906,20007,1149178,21
42907,20015,1149178,19
42908,20001,1149179,93
42909,20012,1149237,76
42910,20007,1149261,14
42911,20016,1149315,58
42912,20012,1149338,33
42913,20020,1149338,27
42914,20013,1149451,76
42915,20001,1149451,78
42916,20016,1149451,76
42917,20015,1149452,75
42918,20001,1149452,68
42919,20017,1149459,84
42920,20018,1149620,17
42921,20014,1149620,18
42922,20013,1149627,19
42923,20014,1149649,48
42924,20013,1149649,46
42925,20009,1149760,70
42926,20017,1149760,77
42927,20003,1149793,51
42928,20020,1149796,18
42929,20017,1149826,46
42930,20007,1149826,47
42931,20019,1149837,60
42932,20010,1149838,39
42933,20002,1149838,38
42934,20013,1149841,84
42935,20009,1149846,30
42936,20006,1149846,26
42937,20003,1149846,31
42938,20012,1149887,71
42939,20001,1149887,64
42940,20013,1149887,70
42941,20010,1149888,33
42942,20006,1149888,32
42943,20005,1149888,32
42944,20003,1149889,38
42945,20009,1149889,34
42946,20019,1149942,5
42947,20015,1149942,14
42948,20018,1149945,51
42949,20012,1149947,51
42950,20001,1149967,27
42951,20002,1149967,33
42952,20019,1149967,31
42953,20002,1150221,45
42954,20017,1150249,8
42955,20007,1150434,30
42956,20006,1150434,24
42957,20014,1150434,26
42958,20019,1150438,50
42959,20012,1150438,46
42960,20006,1150441,10
42961,20018,1150441,14
42962,20001,1150441,8
42963,20016,1150442,13
42964,20020,1150442,8
42965,20016,1150444,47
42966,20019,1150444,47
42967,20004,1150444,42
42968,20011,1150451,83
42969,20004,1150454,39
42970,20010,1150462,66
42971,20019,1150462,64
42972,20011,1150465,61
42973,20001,1150642,22
42974,20005,1150642,23
42975,20008,1150643,68
42976,20001,1150644,25
42977,20001,1150645,24
42978,20017,1150645,22
42979,20011,1150649,66
42980,20010,1150650,103
42981,20020,1151076,59
42982,20019,1151076,50
42983,20019,1151078,78
42984,20018,1151515,35
42985,20019,1151518,57
42986,20010,1151539,47
42987,20009,1151539,51
42988,20004,1151563,100
42989,20014,1151597,103
42990,20010,1151597,103
42991,20007,1151610,42
42992,20012,1151610,43
42993,20002,1151653,64
42994,20018,1151653,57
42995,20004,1151653,57
42996,20019,1151705,78
42997,20007,1151705,75
42998,20005,1151778,16
42999,20016,1151778,19
43000,20014,1151899,11
43001,20004,1151902,34
43002,20010,1151902,33
43003,20011,1151903,49
43004,20007,1151903,40
43005,20008,1151904,36
43006,20001,1151904,40
43007,20017,1151907,89
43008,20005,1151907,88
43009,20002,1151908,105
43010,20019,1151911,7
43011,20004,1151911,10
43012,20009,1151912,28
43013,20012,1151912,24
43014,20010,1151912,24
43015,20019,1151914,95
43016,20013,1151917,17
43017,20009,1151919,46
43018,20020,1151921,8
43019,20002,1151923,14
43020,20006,1151923,11
43021,20007,1151924,50
43022,20016,1151925,103
43023,20018,1151925,101
43024,20015,1151925,105
43025,20011,1151926,49
43026,20017,1151926,53
43027,20012,1151929,13
43028,20006,1151929,10
43029,20006,1151936,68
43030,20008,1151937,94
43031,20019,1151937,92
43032,20012,1151937,87
43033,20017,1151939,104
43034,20006,1151939,104
43035,20002,1151939,107
43036,20011,1151940,24
43037,20012,1151940,20
43038,20008,1151941,11
43039,20003,1151941,11
43040,20007,1151941,4
43041,20001,1151942,41
43042,20019,1151944,14
43043,20004,1151944,20
43044,20010,1151944,19
43045,20009,1151945,35
43046,20008,1151945,35
43047,20010,1151946,78
43048,20005,1151947,89
43049,20007,1151947,85
43050,20011,1151949,32
43051,20017,1151949,26
43052,20009,1151949,30
43053,20014,1151950,14
43054,20017,1151950,8
43055,20018,1151950,9
43056,20017,1151951,28
43057,20019,1151951,36
43058,20018,1151952,85
43059,20016,1151952,80
43060,20020,1151952,77
43061,20003,1151953,12
43062,20013,1151953,17
43063,20016,1151954,43
43064,20010,1151954,47
43065,20003,1151955,98
43066,20010,1151955,106
43067,20008,1151955,103
43068,20009,1151957,80
43069,20001,1151957,84
43070,20009,1151958,21
43071,20005,1151958,30
43072,20015,1151958,22
43073,20005,1151960,77
43074,20006,1151961,69
43075,20004,1151963,43
43076,20011,1151963,40
43077,20008,1151964,58
43078,20014,1151964,53
43079,20007,1151966,55
43080,20016,1151966,59
43081,20017,1151966,53
43082,20010,1151967,45
43083,20007,1151967,46
43084,20004,1151967,49
43085,20004,1151968,14
43086,20005,1151968,8
43087,20011,1151968,8
43088,20011,1151969,92
43089,20008,1151970,91
43090,20016,1151971,90
43091,20001,1151972,47
43092,20020,1151972,49
43093,20009,1151972,43
43094,20016,1151973,39
43095,20020,1151973,44
43096,20008,1151973,45
43097,20018,1151975,24
43098,20006,1151975,30
43099,20019,1151975,30
43100,20017,1151977,16
43101,20006,1151977,23
43102,20013,1151982,39
43103,20006,1151982,36
43104,20001,1151982,42
43105,20009,1151983,41
43106,20011,1151983,41
43107,20003,1151983,40
43108,20003,1151984,48
43109,20001,1151985,97
43110,20010,1151985,97
43111,20008,1151987,108
43112,20017,1151987,107
43113,20005,1151989,88
43114,20015,1151990,70
43115,20020,1151991,85
43116,20016,1151991,80
43117,20001,1151997,55
43118,20003,1151998,103
43119,20015,1151998,105
43120,20014,1152000,72
43121,20007,1152000,73
43122,20018,1152003,80
43123,20008,1152003,83
43124,20003,1152003,84
43125,20009,1152004,32
43126,20018,1152004,25
43127,20001,1152004,24
43128,20010,1152005,74
43129,20019,1152005,71
43130,20018,1152005,75
43131,20020,1152006,59
43132,20017,1152006,57
43133,20009,1152006,57
43134,20014,1152010,77
43135,20007,1152011,88
43136,20009,1152013,27
43137,20006,1152013,21
43138,20010,1152015,36
43139,20015,1152016,40
43140,20018,1152016,46
43141,20004,1152016,47
43142,20016,1152017,19
43143,20017,1152017,18
43144,20001,1152017,22
43145,20017,1152018,52
43146,20004,1152018,52
43147,20008,1152019,32
43148,20019,1152020,57
43149,20020,1152022,27
43150,20008,1152022,24
43151,20012,1152022,28
43152,20019,1152024,12
43153,20017,1152026,84
43154,20013,1152026,85
43155,20002,1152026,87
43156,20001,1152029,68
43157,20020,1152029,61
43158,20014,1152029,65
43159,20009,1152030,55
43160,20008,1152030,60
43161,20013,1152030,56
43162,20017,1152033,43
43163,20014,1152033,44
43164,20008,1152033,48
43165,20014,1152034,39
43166,20001,1152034,38
43167,20003,1152034,43
43168,20002,1152035,68
43169,20020,1152035,60
43170,20008,1152035,67
43171,20009,1152037,73
43172,20008,1152038,32
43173,20017,1152038,36
43174,20015,1152039,78
43175,20012,1152039,72
43176,20007,1152039,71
43177,20020,1152040,85
43178,20018,1152040,84
43179,20018,1152043,65
43180,20009,1152043,60
43181,20017,1152046,20
43182,20010,1152046,20
43183,20003,1152047,61
43184,20016,1152048,57
43185,20001,1152048,56
43186,20012,1152049,86
43187,20007,1152050,93
43188,20004,1152050,98
43189,20007,1152051,49
43190,20010,1152052,52
43191,20002,1152053,87
43192,20004,1152054,30
43193,20017,1152054,27
43194,20016,1152054,30
43195,20007,1152055,17
43196,20002,1152061,28
43197,20012,1152061,30
43198,20012,1152062,73
43199,20020,1152062,72
43200,20001,1152062,78
43201,20006,1152063,6
43202,20015,1152063,14
43203,20017,1152063,5
43204,20001,1152065,75
43205,20010,1152065,77
43206,20015,1152066,52
43207,20010,1152066,47
43208,20010,1152067,101
43209,20012,1152067,102
43210,20007,1152068,38
43211,20004,1152070,23
43212,20013,1152075,34
43213,20017,1152075,33
43214,20004,1152075,35
43215,20015,1152076,104
43216,20016,1152077,63
43217,20006,1152077,54
43218,20015,1152077,55
43219,20007,1152080,109
43220,20014,1152080,102
43221,20004,1152080,100
43222,20002,1152081,60
43223,20009,1152082,33
43224,20013,1152082,34
43225,20014,1152083,41
43226,20010,1152083,45
43227,20018,1152084,102
43228,20011,1152084,102
43229,20002,1152084,105
43230,20012,1152085,33
43231,20020,1152085,37
43232,20011,1152085,37
43233,20015,1152087,52
43234,20020,1152087,53
43235,20006,1152088,89
43236,20020,1152089,36
43237,20005,1152089,41
43238,20009,1152089,42
43239,20009,1152090,72
43240,20016,1152090,72
43241,20017,1152091,84
43242,20014,1152091,88
43243,20009,1152092,26
43244,20013,1152092,27
43245,20017,1152093,91
43246,20011,1152093,90
43247,20001,1152095,68
43248,20013,1152095,75
43249,20014,1152096,15
43250,20012,1152096,12
43251,20015,1152099,54
43252,20001,1152100,40
43253,20009,1152100,43
43254,20007,1152100,41
43255,20019,1152102,63
43256,20014,1152102,60
43257,20016,1152103,63
43258,20013,1152105,13
43259,20010,1152113,68
43260,20017,1152113,67
43261,20003,1152114,81
43262,20001,1152115,59
43263,20014,1152117,7
43264,20017,1152117,10
43265,20002,1152119,17
43266,20013,1152119,18
43267,20012,1152119,16
43268,20017,1152122,57
43269,20020,1152124,49
43270,20017,1152124,47
43271,20002,1152124,42
43272,20010,1152125,16
43273,20014,1152130,23
43274,20018,1152141,46
43275,20006,1152141,45
43276,20013,1152141,46
43277,20003,1152146,91
43278,20018,1152146,89
43279,20017,1152146,84
43280,20018,1152148,104
43281,20008,1152150,45
43282,20002,1152150,36
43283,20019,1152151,30
43284,20007,1152153,101
43285,20005,1152153,104
43286,20013,1152153,102
43287,20015,1152156,105
43288,20005,1152156,109
43289,20001,1152156,106
43290,20001,1152166,69
43291,20002,1152166,65
43292,20011,1152166,65
43293,20002,1152168,12
43294,20015,1152168,19
43295,20012,1152171,94
43296,20013,1152171,95
43297,20008,1152171,88
43298,20001,1152183,26
43299,20008,1152183,24
43300,20014,1152202,80
43301,20018,1152217,24
43302,20002,1152217,24
43303,20014,1152219,18
43304,20008,1152219,21
43305,20012,1152219,19
43306,20016,1152221,74
43307,20011,1152221,75
43308,20017,1152224,89
43309,20002,1152225,82
43310,20018,1152225,79
43311,20007,1152225,75
43312,20014,1152232,76
43313,20020,1152236,5
43314,20006,1152236,10
43315,20008,1152252,10
43316,20016,1152258,18
43317,20012,1152258,13
43318,20001,1152258,16
43319,20005,1152259,56
43320,20004,1152259,61
43321,20001,1152262,15
43322,20006,1152262,10
43323,20014,1152262,8
43324,20002,1152267,76
43325,20016,1152267,74
43326,20005,1152291,103
43327,20017,1152291,102
43328,20002,1152291,101
43329,20010,1152294,94
43330,20010,1152297,34
43331,20014,1152297,32
43332,20004,1152307,33
43333,20013,1152307,30
43334,20002,1152308,22
43335,20020,1152308,13
43336,20004,1152308,16
43337,20004,1152317,91
43338,20007,1152317,93
43339,20008,1152318,102
43340,20008,1152319,76
43341,20005,1152319,70
43342,20016,1152324,85
43343,20014,1152324,93
43344,20004,1152349,82
43345,20009,1152353,28
43346,20017,1152353,27
43347,20020,1152353,34
43348,20014,1152357,102
43349,20020,1152357,94
43350,20009,1152357,95
43351,20016,1152361,86
43352,20001,1152361,94
43353,20016,1152364,29
43354,20020,1152366,51
43355,20002,1152366,57
43356,20006,1152370,58
43357,20002,1152370,61
43358,20012,1152370,57
43359,20006,1152372,30
43360,20015,1152372,35
43361,20019,1152372,29
43362,20007,1152385,55
43363,20017,1152385,56
43364,20014,1152385,58
43365,20017,1152388,57
43366,20014,1152388,55
43367,20015,1152388,58
43368,20016,1152390,72
43369,20004,1152390,72
43370,20017,1152397,32
43371,20018,1152397,27
43372,20002,1152397,29
43373,20018,1152399,98
43374,20010,1152403,91
43375,20020,1152403,90
43376,20017,1152414,79
43377,20006,1152414,77
43378,20003,1152414,82
43379,20007,1152474,76
43380,20014,1152477,93
43381,20009,1152478,80
43382,20004,1152478,81
43383,20012,1152478,78
43384,20015,1152525,88
43385,20018,1152534,56
43386,20008,1152534,56
43387,20020,1152553,89
43388,20006,1152585,81
43389,20012,1152585,82
43390,20020,1152589,32
43391,20005,1152589,28
43392,20006,1152596,13
43393,20012,1152598,93
43394,20007,1152611,108
43395,20009,1152611,106
43396,20018,1152683,12
43397,20006,1152683,4
43398,20020,1152732,104
43399,20015,1152732,105
43400,20005,1152732,105
43401,20004,1152734,54
43402,20001,1152734,50
43403,20003,1152750,58
43404,20012,1152824,19
43405,20014,1152824,23
43406,20019,1152824,15
43407,20012,1152986,98
43408,20009,1152986,103
43409,20016,1153017,65
43410,20010,1153017,65
43411,20009,1153017,64
43412,20012,1153036,37
43413,20001,1153036,43
43414,20006,1153066,8
43415,20015,1153066,9
43416,20010,1153085,33
43417,20007,1153085,35
43418,20003,1153085,34
43419,20013,1153137,79
43420,20017,1153137,77
43421,20010,1153137,80
43422,20018,1153181,62
43423,20016,1153207,94
43424,20020,1153213,13
43425,20009,1153213,18
43426,20007,1153224,29
43427,20013,1153224,22
43428,20013,1153337,60
43429,20006,1153337,58
43430,20018,1153337,56
43431,20013,1153351,29
43432,20010,1153351,21
43433,20004,1153351,21
43434,20008,1153367,45
43435,20019,1153373,76
43436,20005,1153373,81
43437,20003,1153373,82
43438,20002,1153376,70
43439,20013,1153379,52
43440,20014,1153379,52
43441,20008,1153389,49
43442,20019,1153399,7
43443,20017,1153399,14
43444,20008,1153404,71
43445,20019,1153406,84
43446,20006,1153406,82
43447,20019,1153422,99
43448,20014,1153480,68
43449,20009,1153480,70
43450,20011,1153480,65
43451,20006,1153482,57
43452,20006,1153486,49
43453,20002,1153486,54
43454,20020,1153544,52
43455,20018,1153545,64
43456,20012,1153545,66
43457,20011,1153545,67
43458,20012,1153546,103
43459,20003,1153546,107
43460,20009,1153551,75
43461,20017,1153555,64
43462,20003,1153555,65
43463,20019,1153555,64
43464,20005,1153562,76
43465,20002,1153562,76
43466,20010,1153562,70
43467,20019,1153642,84
43468,20015,1153651,45
43469,20014,1153666,23
43470,20003,1153666,28
43471,20020,1153763,19
43472,20008,1153763,18
43473,20010,1153763,23
43474,20006,1153764,46
43475,20013,1153821,12
43476,20007,1153821,15
43477,20003,1153838,28
43478,20020,1153879,3
43479,20003,1153879,4
43480,20019,1153879,8
43481,20011,1153907,74
43482,20014,1153909,51
43483,20009,1153909,52
43484,20011,1153913,96
43485,20017,1153913,95
43486,20007,1153913,93
43487,20008,1153928,70
43488,20016,1153928,71
43489,20008,1153996,71
43490,20006,1153996,75
43491,20015,1154044,40
43492,20008,1154055,35
43493,20010,1154060,15
43494,20012,1154060,23
43495,20019,1154060,18
43496,20018,1154089,53
43497,20003,1154125,36
43498,20018,1154152,9
43499,20005,1154211,35
43500,20017,1154211,34
43501,20015,1154211,33
43502,20016,1154228,64
43503,20001,1154262,76
43504,20014,1154270,89
43505,20019,1154313,82
43506,20007,1154313,80
43507,20013,1154313,76
43508,20006,1154341,33
43509,20018,1154465,14
43510,20016,1154465,8
43511,20018,1154470,11
43512,20018,1154472,52
43513,20015,1154472,50
43514,20011,1154472,50
43515,20008,1154501,22
43516,20015,1154501,25
43517,20010,1154501,25
43518,20010,1154543,9
43519,20010,1154634,89
43520,20012,1154634,93
43521,20014,1154634,96
43522,20003,1154639,103
43523,20009,1154639,100
43524,20018,1154685,103
43525,20007,1154685,100
43526,20008,1154691,103
43527,20013,1154691,108
43528,20006,1154691,103
43529,20005,1154716,66
43530,20006,1154716,68
43531,20007,1154716,71
43532,20008,1154721,47
43533,20016,1154725,43
43534,20017,1154725,44
43535,20009,1154726,30
43536,20002,1154726,31
43537,20012,1154763,63
43538,20020,1154763,69
43539,20010,1154801,91
43540,20012,1154816,37
43541,20020,1154816,29
43542,20015,1154816,36
43543,20007,1154858,17
43544,20005,1154858,19
43545,20006,1154858,26
43546,20014,1154870,14
43547,20017,1154870,9
43548,20012,1155057,10
43549,20011,1155057,11
43550,20013,1155057,9
43551,20014,1155069,80
43552,20015,1155069,81
43553,20012,1155071,52
43554,20010,1155071,58
43555,20005,1155071,53
43556,20009,1155084,95
43557,20002,1155084,97
43558,20020,1155084,103
43559,20012,1155087,11
43560,20009,1155087,10
43561,20012,1155169,9
43562,20017,1155169,11
43563,20016,1155169,12
43564,20017,1155170,41
43565,20005,1155170,44
43566,20009,1155204,22
43567,20010,1155204,20
43568,20011,1155204,25
43569,20020,1155210,14
43570,20001,1155210,14
43571,20005,1155210,9
43572,20020,1155230,60
43573,20011,1155230,60
43574,20016,1155230,65
43575,20007,1155242,21
43576,20001,1155251,37
43577,20020,1155251,35
43578,20019,1155264,59
43579,20018,1155267,23
43580,20015,1155267,20
43581,20007,1155355,69
43582,20013,1155355,76
43583,20008,1155399,51
43584,20006,1155399,47
43585,20019,1155442,52
43586,20014,1155442,51
43587,20010,1155442,52
43588,20013,1155446,14
43589,20006,1155446,15
43590,20017,1155506,18
43591,20012,1155506,19
43592,20014,1155506,12
43593,20008,1155507,29
43594,20014,1155513,96
43595,20017,1155513,92
43596,20006,1155529,74
43597,20017,1155543,10
43598,20005,1155543,12
43599,20003,1155543,11
43600,20013,1155561,80
43601,20010,1155561,81
43602,20016,1155604,45
43603,20009,1155604,50
43604,20001,1155675,83
43605,20009,1155703,87
43606,20004,1155722,53
